-- phpMyAdmin SQL Dump
-- version 4.8.5
-- https://www.phpmyadmin.net/
--
-- Host: localhost
-- Generation Time: Aug 13, 2019 at 08:26 AM
-- Server version: 5.7.25
-- PHP Version: 7.3.5

SET SQL_MODE = "NO_AUTO_VALUE_ON_ZERO";
SET AUTOCOMMIT = 0;
START TRANSACTION;
SET time_zone = "+00:00";


/*!40101 SET @OLD_CHARACTER_SET_CLIENT=@@CHARACTER_SET_CLIENT */;
/*!40101 SET @OLD_CHARACTER_SET_RESULTS=@@CHARACTER_SET_RESULTS */;
/*!40101 SET @OLD_COLLATION_CONNECTION=@@COLLATION_CONNECTION */;
/*!40101 SET NAMES utf8mb4 */;

--
-- Database: `blog`
--

-- --------------------------------------------------------

--
-- Table structure for table `comments`
--

CREATE TABLE `comments` (
  `id` int(10) UNSIGNED NOT NULL,
  `post_id` int(10) UNSIGNED NOT NULL,
  `reply` varchar(255) COLLATE utf8mb4_unicode_ci NOT NULL,
  `created_at` timestamp NULL DEFAULT NULL,
  `updated_at` timestamp NULL DEFAULT NULL
) ENGINE=InnoDB DEFAULT CHARSET=utf8mb4 COLLATE=utf8mb4_unicode_ci;

--
-- Dumping data for table `comments`
--

INSERT INTO `comments` (`id`, `post_id`, `reply`, `created_at`, `updated_at`) VALUES
(1, 51, 'Prof.', '2019-08-03 05:18:14', '2019-08-03 05:18:14'),
(2, 52, 'Prof.', '2019-08-03 05:18:14', '2019-08-03 05:18:14'),
(3, 53, 'Ms.', '2019-08-03 05:18:14', '2019-08-03 05:18:14'),
(4, 54, 'Prof.', '2019-08-03 05:18:14', '2019-08-03 05:18:14'),
(5, 55, 'Mr.', '2019-08-03 05:18:15', '2019-08-03 05:18:15'),
(6, 56, 'Dr.', '2019-08-03 05:18:15', '2019-08-03 05:18:15'),
(7, 57, 'Dr.', '2019-08-03 05:18:15', '2019-08-03 05:18:15'),
(8, 58, 'Dr.', '2019-08-03 05:18:15', '2019-08-03 05:18:15'),
(9, 59, 'Dr.', '2019-08-03 05:18:15', '2019-08-03 05:18:15'),
(10, 60, 'Mr.', '2019-08-03 05:18:15', '2019-08-03 05:18:15'),
(11, 61, 'Mr.', '2019-08-03 05:18:15', '2019-08-03 05:18:15'),
(12, 62, 'Mrs.', '2019-08-03 05:18:15', '2019-08-03 05:18:15'),
(13, 63, 'Miss', '2019-08-03 05:18:15', '2019-08-03 05:18:15'),
(14, 64, 'Mr.', '2019-08-03 05:18:15', '2019-08-03 05:18:15'),
(15, 65, 'Mr.', '2019-08-03 05:18:15', '2019-08-03 05:18:15'),
(16, 66, 'Dr.', '2019-08-03 05:18:15', '2019-08-03 05:18:15'),
(17, 67, 'Prof.', '2019-08-03 05:18:15', '2019-08-03 05:18:15'),
(18, 68, 'Dr.', '2019-08-03 05:18:15', '2019-08-03 05:18:15'),
(19, 69, 'Miss', '2019-08-03 05:18:15', '2019-08-03 05:18:15'),
(20, 70, 'Prof.', '2019-08-03 05:18:15', '2019-08-03 05:18:15'),
(21, 71, 'Dr.', '2019-08-03 05:18:15', '2019-08-03 05:18:15'),
(22, 72, 'Dr.', '2019-08-03 05:18:15', '2019-08-03 05:18:15'),
(23, 73, 'Dr.', '2019-08-03 05:18:15', '2019-08-03 05:18:15'),
(24, 74, 'Prof.', '2019-08-03 05:18:15', '2019-08-03 05:18:15'),
(25, 75, 'Miss', '2019-08-03 05:18:15', '2019-08-03 05:18:15'),
(26, 76, 'Dr.', '2019-08-03 05:18:15', '2019-08-03 05:18:15'),
(27, 77, 'Prof.', '2019-08-03 05:18:15', '2019-08-03 05:18:15'),
(28, 78, 'Mr.', '2019-08-03 05:18:15', '2019-08-03 05:18:15'),
(29, 79, 'Prof.', '2019-08-03 05:18:15', '2019-08-03 05:18:15'),
(30, 80, 'Mr.', '2019-08-03 05:18:15', '2019-08-03 05:18:15'),
(31, 81, 'Ms.', '2019-08-03 05:18:15', '2019-08-03 05:18:15'),
(32, 82, 'Miss', '2019-08-03 05:18:15', '2019-08-03 05:18:15'),
(33, 83, 'Dr.', '2019-08-03 05:18:15', '2019-08-03 05:18:15'),
(34, 84, 'Dr.', '2019-08-03 05:18:15', '2019-08-03 05:18:15'),
(35, 85, 'Mr.', '2019-08-03 05:18:15', '2019-08-03 05:18:15'),
(36, 86, 'Prof.', '2019-08-03 05:18:15', '2019-08-03 05:18:15'),
(37, 87, 'Dr.', '2019-08-03 05:18:15', '2019-08-03 05:18:15'),
(38, 88, 'Dr.', '2019-08-03 05:18:15', '2019-08-03 05:18:15'),
(39, 89, 'Prof.', '2019-08-03 05:18:15', '2019-08-03 05:18:15'),
(40, 90, 'Dr.', '2019-08-03 05:18:15', '2019-08-03 05:18:15'),
(41, 91, 'Mr.', '2019-08-03 05:18:15', '2019-08-03 05:18:15'),
(42, 92, 'Dr.', '2019-08-03 05:18:15', '2019-08-03 05:18:15'),
(43, 93, 'Dr.', '2019-08-03 05:18:15', '2019-08-03 05:18:15'),
(44, 94, 'Prof.', '2019-08-03 05:18:15', '2019-08-03 05:18:15'),
(45, 95, 'Dr.', '2019-08-03 05:18:15', '2019-08-03 05:18:15'),
(46, 96, 'Prof.', '2019-08-03 05:18:15', '2019-08-03 05:18:15'),
(47, 97, 'Prof.', '2019-08-03 05:18:15', '2019-08-03 05:18:15'),
(48, 98, 'Prof.', '2019-08-03 05:18:15', '2019-08-03 05:18:15'),
(49, 99, 'Dr.', '2019-08-03 05:18:15', '2019-08-03 05:18:15'),
(50, 100, 'Mr.', '2019-08-03 05:18:15', '2019-08-03 05:18:15'),
(51, 151, 'Prof.', '2019-08-03 05:18:16', '2019-08-03 05:18:16'),
(52, 152, 'Dr.', '2019-08-03 05:18:16', '2019-08-03 05:18:16'),
(53, 153, 'Prof.', '2019-08-03 05:18:16', '2019-08-03 05:18:16'),
(54, 154, 'Dr.', '2019-08-03 05:18:16', '2019-08-03 05:18:16'),
(55, 155, 'Prof.', '2019-08-03 05:18:16', '2019-08-03 05:18:16'),
(56, 156, 'Prof.', '2019-08-03 05:18:16', '2019-08-03 05:18:16'),
(57, 157, 'Dr.', '2019-08-03 05:18:16', '2019-08-03 05:18:16'),
(58, 158, 'Prof.', '2019-08-03 05:18:16', '2019-08-03 05:18:16'),
(59, 159, 'Dr.', '2019-08-03 05:18:16', '2019-08-03 05:18:16'),
(60, 160, 'Mr.', '2019-08-03 05:18:16', '2019-08-03 05:18:16'),
(61, 161, 'Dr.', '2019-08-03 05:18:16', '2019-08-03 05:18:16'),
(62, 162, 'Dr.', '2019-08-03 05:18:16', '2019-08-03 05:18:16'),
(63, 163, 'Prof.', '2019-08-03 05:18:16', '2019-08-03 05:18:16'),
(64, 164, 'Ms.', '2019-08-03 05:18:16', '2019-08-03 05:18:16'),
(65, 165, 'Prof.', '2019-08-03 05:18:16', '2019-08-03 05:18:16'),
(66, 166, 'Prof.', '2019-08-03 05:18:16', '2019-08-03 05:18:16'),
(67, 167, 'Ms.', '2019-08-03 05:18:16', '2019-08-03 05:18:16'),
(68, 168, 'Dr.', '2019-08-03 05:18:16', '2019-08-03 05:18:16'),
(69, 169, 'Miss', '2019-08-03 05:18:16', '2019-08-03 05:18:16'),
(70, 170, 'Prof.', '2019-08-03 05:18:16', '2019-08-03 05:18:16'),
(71, 171, 'Prof.', '2019-08-03 05:18:16', '2019-08-03 05:18:16'),
(72, 172, 'Prof.', '2019-08-03 05:18:16', '2019-08-03 05:18:16'),
(73, 173, 'Mr.', '2019-08-03 05:18:16', '2019-08-03 05:18:16'),
(74, 174, 'Ms.', '2019-08-03 05:18:16', '2019-08-03 05:18:16'),
(75, 175, 'Dr.', '2019-08-03 05:18:16', '2019-08-03 05:18:16'),
(76, 176, 'Miss', '2019-08-03 05:18:16', '2019-08-03 05:18:16'),
(77, 177, 'Ms.', '2019-08-03 05:18:16', '2019-08-03 05:18:16'),
(78, 178, 'Dr.', '2019-08-03 05:18:16', '2019-08-03 05:18:16'),
(79, 179, 'Mrs.', '2019-08-03 05:18:16', '2019-08-03 05:18:16'),
(80, 180, 'Miss', '2019-08-03 05:18:16', '2019-08-03 05:18:16'),
(81, 181, 'Prof.', '2019-08-03 05:18:16', '2019-08-03 05:18:16'),
(82, 182, 'Mr.', '2019-08-03 05:18:16', '2019-08-03 05:18:16'),
(83, 183, 'Mr.', '2019-08-03 05:18:16', '2019-08-03 05:18:16'),
(84, 184, 'Dr.', '2019-08-03 05:18:16', '2019-08-03 05:18:16'),
(85, 185, 'Dr.', '2019-08-03 05:18:16', '2019-08-03 05:18:16'),
(86, 186, 'Prof.', '2019-08-03 05:18:16', '2019-08-03 05:18:16'),
(87, 187, 'Mr.', '2019-08-03 05:18:16', '2019-08-03 05:18:16'),
(88, 188, 'Prof.', '2019-08-03 05:18:16', '2019-08-03 05:18:16'),
(89, 189, 'Prof.', '2019-08-03 05:18:16', '2019-08-03 05:18:16'),
(90, 190, 'Prof.', '2019-08-03 05:18:16', '2019-08-03 05:18:16'),
(91, 191, 'Mr.', '2019-08-03 05:18:16', '2019-08-03 05:18:16'),
(92, 192, 'Mr.', '2019-08-03 05:18:16', '2019-08-03 05:18:16'),
(93, 193, 'Dr.', '2019-08-03 05:18:16', '2019-08-03 05:18:16'),
(94, 194, 'Ms.', '2019-08-03 05:18:16', '2019-08-03 05:18:16'),
(95, 195, 'Mr.', '2019-08-03 05:18:16', '2019-08-03 05:18:16'),
(96, 196, 'Ms.', '2019-08-03 05:18:16', '2019-08-03 05:18:16'),
(97, 197, 'Dr.', '2019-08-03 05:18:16', '2019-08-03 05:18:16'),
(98, 198, 'Prof.', '2019-08-03 05:18:16', '2019-08-03 05:18:16'),
(99, 199, 'Ms.', '2019-08-03 05:18:16', '2019-08-03 05:18:16'),
(100, 200, 'Dr.', '2019-08-03 05:18:16', '2019-08-03 05:18:16');

-- --------------------------------------------------------

--
-- Table structure for table `migrations`
--

CREATE TABLE `migrations` (
  `id` int(10) UNSIGNED NOT NULL,
  `migration` varchar(255) COLLATE utf8mb4_unicode_ci NOT NULL,
  `batch` int(11) NOT NULL
) ENGINE=InnoDB DEFAULT CHARSET=utf8mb4 COLLATE=utf8mb4_unicode_ci;

--
-- Dumping data for table `migrations`
--

INSERT INTO `migrations` (`id`, `migration`, `batch`) VALUES
(1, '2014_10_12_000000_create_users_table', 1),
(2, '2014_10_12_100000_create_password_resets_table', 1),
(3, '2019_08_03_103740_create_posts_table', 2),
(4, '2019_08_03_103904_create_comments_table', 2);

-- --------------------------------------------------------

--
-- Table structure for table `password_resets`
--

CREATE TABLE `password_resets` (
  `email` varchar(255) COLLATE utf8mb4_unicode_ci NOT NULL,
  `token` varchar(255) COLLATE utf8mb4_unicode_ci NOT NULL,
  `created_at` timestamp NULL DEFAULT NULL
) ENGINE=InnoDB DEFAULT CHARSET=utf8mb4 COLLATE=utf8mb4_unicode_ci;

-- --------------------------------------------------------

--
-- Table structure for table `posts`
--

CREATE TABLE `posts` (
  `id` int(10) UNSIGNED NOT NULL,
  `user_id` int(10) UNSIGNED NOT NULL,
  `title` varchar(255) COLLATE utf8mb4_unicode_ci NOT NULL,
  `content` text COLLATE utf8mb4_unicode_ci NOT NULL,
  `created_at` timestamp NULL DEFAULT NULL,
  `updated_at` timestamp NULL DEFAULT NULL
) ENGINE=InnoDB DEFAULT CHARSET=utf8mb4 COLLATE=utf8mb4_unicode_ci;

--
-- Dumping data for table `posts`
--

INSERT INTO `posts` (`id`, `user_id`, `title`, `content`, `created_at`, `updated_at`) VALUES
(1, 1, 'Mr.', 'Et autem in ab. Accusamus qui et eius blanditiis corporis non. Praesentium impedit occaecati quos aut expedita ratione. Magni labore voluptatibus nostrum nesciunt repudiandae totam beatae. Harum ut neque sint et aut.', '2019-08-03 05:18:13', '2019-08-03 05:18:13'),
(2, 2, 'Prof.', 'Quasi officia dolore laboriosam architecto facilis aut. Ea nisi quo cum voluptatum. Quia et labore maiores molestiae ex laudantium. Qui ut earum maxime.', '2019-08-03 05:18:13', '2019-08-03 05:18:13'),
(3, 3, 'Miss', 'Impedit possimus consectetur odit omnis temporibus corrupti. Nam veritatis possimus dolores doloribus dolorem rerum.', '2019-08-03 05:18:13', '2019-08-03 05:18:13'),
(4, 4, 'Prof.', 'Voluptatem voluptates alias voluptas sed fugiat. Ea iusto non sint libero non temporibus. Unde est velit adipisci perferendis ut est voluptates.', '2019-08-03 05:18:13', '2019-08-03 05:18:13'),
(5, 5, 'Dr.', 'Reprehenderit velit repellendus voluptas aut. Consequatur reprehenderit dignissimos cupiditate dolorem. Dolor recusandae fugiat eveniet rerum eos.', '2019-08-03 05:18:13', '2019-08-03 05:18:13'),
(6, 6, 'Ms.', 'Reprehenderit consectetur nemo rerum et iste et. Et minima quasi non occaecati iste expedita.', '2019-08-03 05:18:13', '2019-08-03 05:18:13'),
(7, 7, 'Dr.', 'Qui id et unde debitis cum eos consequuntur. Veniam aut vel perspiciatis eos delectus. Sit libero voluptas eum.', '2019-08-03 05:18:13', '2019-08-03 05:18:13'),
(8, 8, 'Ms.', 'Itaque libero possimus porro ut. Delectus maxime consequatur et veritatis quis voluptatem quod. Consequatur tempora ex ipsa provident.', '2019-08-03 05:18:13', '2019-08-03 05:18:13'),
(9, 9, 'Dr.', 'In possimus porro porro sit commodi modi. Fuga explicabo vero possimus animi. Voluptatem iure vel et adipisci tempora expedita. Autem sed reprehenderit quasi placeat libero delectus eaque dignissimos.', '2019-08-03 05:18:13', '2019-08-03 05:18:13'),
(10, 10, 'Dr.', 'Aspernatur aliquam tenetur molestias in eveniet numquam. Ipsam explicabo consequuntur laboriosam blanditiis doloribus magnam consequuntur. Provident eum sed illo iusto est ut id vel. Sit et repellendus maiores dolore ut.', '2019-08-03 05:18:13', '2019-08-03 05:18:13'),
(11, 11, 'Dr.', 'Iure ab illo exercitationem placeat consectetur qui. Et quia labore omnis. Vero voluptas omnis ut qui.', '2019-08-03 05:18:13', '2019-08-03 05:18:13'),
(12, 12, 'Dr.', 'Mollitia omnis officiis non at qui ipsa. Odio sunt voluptatem aperiam nihil aut sed. Itaque expedita voluptatibus est dolorem. Iure rem numquam eveniet.', '2019-08-03 05:18:13', '2019-08-03 05:18:13'),
(13, 13, 'Miss', 'Ipsam reprehenderit ut quibusdam similique est. Odio itaque nulla recusandae maxime veniam nihil saepe.', '2019-08-03 05:18:13', '2019-08-03 05:18:13'),
(14, 14, 'Prof.', 'Praesentium facilis consectetur sapiente eius atque. Alias omnis saepe voluptatem autem quo qui nihil. Rerum est rem mollitia tempora ad nostrum iusto.', '2019-08-03 05:18:13', '2019-08-03 05:18:13'),
(15, 15, 'Prof.', 'Sint esse molestias tenetur. Quidem explicabo sed facere enim. Ut quisquam aliquid voluptatem occaecati dolore. Facere quibusdam voluptatem omnis repudiandae nostrum. Qui rerum voluptas aspernatur.', '2019-08-03 05:18:13', '2019-08-03 05:18:13'),
(16, 16, 'Dr.', 'Fugiat quia sunt velit unde necessitatibus enim ut. Expedita eum eos laboriosam neque ea sit dolor. Officia occaecati quia voluptate et laboriosam impedit. Quis qui quidem quo consequuntur quisquam asperiores dolores. Architecto numquam quo id fugiat ipsa sunt voluptas.', '2019-08-03 05:18:13', '2019-08-03 05:18:13'),
(17, 17, 'Dr.', 'At quos quod in explicabo incidunt accusantium. Eius voluptatem voluptates non in. Aut omnis sit iste. Harum sit aut ex mollitia repellat provident a hic.', '2019-08-03 05:18:14', '2019-08-03 05:18:14'),
(18, 18, 'Prof.', 'Voluptate reprehenderit laborum saepe. Commodi in qui deserunt. Molestiae sint facere in esse deserunt consectetur voluptas enim.', '2019-08-03 05:18:14', '2019-08-03 05:18:14'),
(19, 19, 'Prof.', 'Voluptatem eius qui omnis quos tenetur qui accusantium. Vero at ea est aut nostrum. Veniam veritatis possimus quia quia aut.', '2019-08-03 05:18:14', '2019-08-03 05:18:14'),
(20, 20, 'Dr.', 'Deleniti corporis iusto et alias. Ex culpa et id ea id magni. Et quo itaque qui maxime qui non dolor.', '2019-08-03 05:18:14', '2019-08-03 05:18:14'),
(21, 21, 'Mr.', 'Quas tenetur necessitatibus et nostrum provident eum. Sed aut maxime saepe recusandae eveniet voluptatem. Voluptatibus est sit corrupti rerum necessitatibus. Omnis officiis quidem sed tempore est quos.', '2019-08-03 05:18:14', '2019-08-03 05:18:14'),
(22, 22, 'Mrs.', 'Veritatis a ipsum voluptatibus eos pariatur quis. Natus et sed ab consequatur officia. Quas omnis illum facilis itaque. Quas libero rerum veniam repellat et.', '2019-08-03 05:18:14', '2019-08-03 05:18:14'),
(23, 23, 'Mr.', 'Porro minima accusantium est rerum molestias omnis consequatur dolorem. Reiciendis nam qui dolorem nobis id eum omnis. Sapiente accusamus error error aliquid. Quibusdam ipsum eaque perspiciatis iste ipsam.', '2019-08-03 05:18:14', '2019-08-03 05:18:14'),
(24, 24, 'Dr.', 'Unde corporis excepturi reiciendis labore. Qui et animi autem dolore ea. Est voluptatem eum et ut optio. Possimus explicabo ad ratione itaque rerum.', '2019-08-03 05:18:14', '2019-08-03 05:18:14'),
(25, 25, 'Prof.', 'Illum non neque nesciunt adipisci earum laboriosam enim. Nemo aperiam quibusdam ullam et omnis nisi magnam sed. Itaque et beatae minima accusantium commodi magni. Officia et tempora ut rerum quaerat est rerum iste. At delectus ad assumenda qui aut deleniti.', '2019-08-03 05:18:14', '2019-08-03 05:18:14'),
(26, 26, 'Mr.', 'Aliquid optio quis et eligendi. Tempora voluptatem mollitia asperiores atque et asperiores. Deserunt et modi rerum quos velit mollitia voluptatibus. Voluptas saepe autem autem ut eligendi.', '2019-08-03 05:18:14', '2019-08-03 05:18:14'),
(27, 27, 'Mr.', 'Officia et repellat officia vitae. Ut officiis dicta ut et assumenda voluptates. Hic magnam labore ut.', '2019-08-03 05:18:14', '2019-08-03 05:18:14'),
(28, 28, 'Dr.', 'Repellendus id laborum voluptatem molestias sit rerum. Dolorum recusandae magnam quia aspernatur nihil tempora assumenda. Recusandae quis a atque omnis et.', '2019-08-03 05:18:14', '2019-08-03 05:18:14'),
(29, 29, 'Prof.', 'Saepe eos quia vel. Voluptatibus aut beatae qui commodi eaque neque labore. Qui molestiae quia consequatur sit accusantium aperiam fugiat.', '2019-08-03 05:18:14', '2019-08-03 05:18:14'),
(30, 30, 'Mr.', 'Repudiandae sunt velit ducimus qui et. Aut fugiat cumque quia animi voluptatem ut molestiae. Animi sequi dolores molestias est a aut aut.', '2019-08-03 05:18:14', '2019-08-03 05:18:14'),
(31, 31, 'Mrs.', 'Quae vel eum possimus quos doloremque corporis deserunt. Quia voluptatem at nemo sit cupiditate ducimus sunt dignissimos. Officiis nihil nihil eaque maxime nemo aliquam sit.', '2019-08-03 05:18:14', '2019-08-03 05:18:14'),
(32, 32, 'Dr.', 'Possimus quis alias sunt et in impedit. Officia consequuntur vitae aspernatur dolorum voluptatem. Qui minima corporis et aspernatur. Ea eius quibusdam expedita. Vel aut est expedita minima aut.', '2019-08-03 05:18:14', '2019-08-03 05:18:14'),
(33, 33, 'Miss', 'Ipsum porro voluptates inventore sapiente. In voluptatem error reiciendis laboriosam quas quibusdam fuga adipisci. Voluptas quis debitis ipsa cupiditate soluta vitae modi. Impedit voluptas maiores optio voluptatem quod.', '2019-08-03 05:18:14', '2019-08-03 05:18:14'),
(34, 34, 'Prof.', 'Repudiandae deleniti inventore beatae vitae aperiam itaque. Dolores quibusdam odio quis explicabo commodi qui. Quia aliquid et dicta est.', '2019-08-03 05:18:14', '2019-08-03 05:18:14'),
(35, 35, 'Mrs.', 'Quibusdam consequatur modi tenetur inventore ut. Error voluptatem consequatur ut minima.', '2019-08-03 05:18:14', '2019-08-03 05:18:14'),
(36, 36, 'Mrs.', 'Commodi incidunt iste et velit quam rem velit dolorum. Iste debitis aut eaque qui voluptatem porro quia. Et occaecati ipsa quia et.', '2019-08-03 05:18:14', '2019-08-03 05:18:14'),
(37, 37, 'Ms.', 'At delectus qui ea non tenetur quibusdam. Repellendus quos voluptatem voluptatem id sed sunt voluptatibus. Vitae omnis ratione qui dicta necessitatibus.', '2019-08-03 05:18:14', '2019-08-03 05:18:14'),
(38, 38, 'Mr.', 'Doloribus fugit provident autem reprehenderit voluptas. Vel doloribus commodi quod non consequatur adipisci omnis eveniet. Quis saepe earum perspiciatis est eum.', '2019-08-03 05:18:14', '2019-08-03 05:18:14'),
(39, 39, 'Dr.', 'Dicta nulla tempora consequuntur qui voluptate nulla est. Dolor reiciendis iste ullam. Autem repellendus ipsa pariatur veniam.', '2019-08-03 05:18:14', '2019-08-03 05:18:14'),
(40, 40, 'Dr.', 'Ea magni aut aut eaque id dicta. Odio aut molestiae quasi aut perferendis error aperiam. Deleniti delectus in quasi dolor atque.', '2019-08-03 05:18:14', '2019-08-03 05:18:14'),
(41, 41, 'Prof.', 'Voluptates in a est cumque dolorum ut est. Voluptatem nobis laudantium et beatae officiis velit. Harum pariatur quo rerum amet. Voluptatem enim voluptas voluptate voluptates.', '2019-08-03 05:18:14', '2019-08-03 05:18:14'),
(42, 42, 'Mr.', 'Aut omnis ipsum incidunt accusantium eos optio. Voluptatum eos quos perspiciatis neque. Omnis excepturi quas aut sequi earum. In repellendus in optio dolorem quia. Ex aut animi beatae omnis nulla.', '2019-08-03 05:18:14', '2019-08-03 05:18:14'),
(43, 43, 'Prof.', 'Amet ipsam quidem ut rerum voluptatem sint. Harum quae pariatur vero nostrum in. Dignissimos et aut repudiandae nam iste. Et libero consequatur exercitationem a atque.', '2019-08-03 05:18:14', '2019-08-03 05:18:14'),
(44, 44, 'Dr.', 'Asperiores quo officiis illo nisi quas voluptatem rerum. In consectetur minus qui. Ut dolorum iusto voluptas cumque temporibus unde.', '2019-08-03 05:18:14', '2019-08-03 05:18:14'),
(45, 45, 'Prof.', 'Distinctio accusantium nisi quis architecto non temporibus explicabo. Non asperiores sed accusantium aut dolorem veritatis.', '2019-08-03 05:18:14', '2019-08-03 05:18:14'),
(46, 46, 'Prof.', 'Asperiores quasi adipisci laudantium officia. Eos ad eos quis fugiat. Aperiam molestiae ut eum rem. Impedit dicta enim ad.', '2019-08-03 05:18:14', '2019-08-03 05:18:14'),
(47, 47, 'Mr.', 'Quis autem facilis accusamus voluptatibus. Accusantium illum illo earum quas harum esse sed eum. Fugit rem aut deleniti atque explicabo atque quos id.', '2019-08-03 05:18:14', '2019-08-03 05:18:14'),
(48, 48, 'Dr.', 'Est quia dicta tenetur eveniet cum ut omnis. Fugiat officia est dignissimos accusamus accusamus. Corporis odio omnis atque voluptatem dolor non. Cupiditate quia praesentium odit dolor ut veniam sunt.', '2019-08-03 05:18:14', '2019-08-03 05:18:14'),
(49, 49, 'Prof.', 'Error dignissimos quia incidunt alias. Quae ad minima impedit suscipit aspernatur voluptas. Ratione occaecati impedit inventore aliquam repellendus illum.', '2019-08-03 05:18:14', '2019-08-03 05:18:14'),
(50, 50, 'Ms.', 'Neque quibusdam inventore quos nihil sit. Aut facere occaecati blanditiis. Vel incidunt eius eveniet et quia qui qui. Eveniet ducimus officiis ducimus possimus earum.', '2019-08-03 05:18:14', '2019-08-03 05:18:14'),
(51, 101, 'Dr.', 'Non voluptate et aut sit earum distinctio. Temporibus in praesentium saepe aliquid unde beatae quam. Molestiae aut labore dolores voluptas aut deserunt.', '2019-08-03 05:18:14', '2019-08-03 05:18:14'),
(52, 102, 'Prof.', 'Unde quod eos in hic vel in quia. Libero corrupti cumque quas voluptatem repellendus molestias quibusdam. Et ut eligendi expedita odio ipsa mollitia.', '2019-08-03 05:18:14', '2019-08-03 05:18:14'),
(53, 103, 'Ms.', 'Delectus placeat excepturi ut impedit voluptate vel illum. Molestias neque sunt sunt dignissimos. Sunt ut ad fugiat consectetur quo labore. Accusantium praesentium eius illo doloribus facere.', '2019-08-03 05:18:14', '2019-08-03 05:18:14'),
(54, 104, 'Dr.', 'Aspernatur tenetur tenetur maiores et aut. Qui consequatur dolorem et blanditiis. Quaerat voluptas qui qui. Magnam et ullam cumque aut doloremque non laboriosam.', '2019-08-03 05:18:14', '2019-08-03 05:18:14'),
(55, 105, 'Dr.', 'Alias consequuntur facilis vel est laudantium. Aliquid reiciendis qui et ut. At accusantium nesciunt itaque eos fugiat. Qui error incidunt veritatis.', '2019-08-03 05:18:14', '2019-08-03 05:18:14'),
(56, 106, 'Miss', 'Nam nobis autem eum ut. Eius similique laboriosam est aut doloribus.', '2019-08-03 05:18:14', '2019-08-03 05:18:14'),
(57, 107, 'Prof.', 'Vel et fugiat non enim dolor voluptates. Eveniet nostrum aut voluptatem accusamus quos omnis et. Accusantium et facilis minima.', '2019-08-03 05:18:14', '2019-08-03 05:18:14'),
(58, 108, 'Dr.', 'Animi vero a enim voluptas autem a nesciunt. Enim voluptatem enim rerum quidem dolores et. Est sapiente facilis occaecati voluptates architecto.', '2019-08-03 05:18:14', '2019-08-03 05:18:14'),
(59, 109, 'Dr.', 'Necessitatibus sapiente aut et et maxime eveniet optio. Inventore similique vero consequatur ipsum totam est tenetur. Nobis qui aliquam adipisci quas nisi assumenda tempora. Distinctio quibusdam sed et dicta.', '2019-08-03 05:18:14', '2019-08-03 05:18:14'),
(60, 110, 'Dr.', 'Possimus reprehenderit doloremque et ut aliquid delectus. Aperiam facilis illum eum et officia nihil praesentium. Autem rerum quis harum dolorem tempora provident. Laboriosam veritatis doloribus aut voluptates.', '2019-08-03 05:18:14', '2019-08-03 05:18:14'),
(61, 111, 'Mrs.', 'Velit rem commodi esse iure perferendis quod. Tenetur et veniam sit. Dicta voluptates enim autem quia mollitia officiis ducimus.', '2019-08-03 05:18:14', '2019-08-03 05:18:14'),
(62, 112, 'Ms.', 'Minima est tenetur molestiae nemo dolor id vero nam. Laudantium veniam sed harum sint. Repellendus voluptas repellendus id omnis nisi excepturi et. Sequi quos voluptas laborum sit error dolorem.', '2019-08-03 05:18:14', '2019-08-03 05:18:14'),
(63, 113, 'Mr.', 'Molestias quibusdam quibusdam saepe nesciunt ea consequuntur sunt ducimus. Est et dicta recusandae. Odio distinctio at similique.', '2019-08-03 05:18:14', '2019-08-03 05:18:14'),
(64, 114, 'Miss', 'Officia illum facilis quia ut assumenda. Iure occaecati pariatur quia voluptatem aut ratione sequi. Voluptatum cumque error velit ut. Molestiae labore recusandae ea fugiat qui.', '2019-08-03 05:18:14', '2019-08-03 05:18:14'),
(65, 115, 'Prof.', 'Incidunt dicta id repudiandae est accusantium maiores. Dolorem est et quidem minima.', '2019-08-03 05:18:14', '2019-08-03 05:18:14'),
(66, 116, 'Prof.', 'Recusandae atque modi consectetur aperiam unde. Delectus tempore placeat nisi nam earum qui. Laboriosam aut iure autem reiciendis mollitia. Doloremque incidunt inventore earum cupiditate sit. Sint quidem et est sequi.', '2019-08-03 05:18:14', '2019-08-03 05:18:14'),
(67, 117, 'Mrs.', 'Sint veniam voluptatem placeat laboriosam. Pariatur voluptatem exercitationem quia qui alias doloribus voluptas.', '2019-08-03 05:18:14', '2019-08-03 05:18:14'),
(68, 118, 'Miss', 'Architecto perspiciatis velit libero eaque saepe. Dolorum illo ut et totam quas. Vero officiis doloremque asperiores fugiat.', '2019-08-03 05:18:14', '2019-08-03 05:18:14'),
(69, 119, 'Dr.', 'Asperiores et rerum consequuntur ducimus. Atque id et eligendi adipisci est ex quis. Id consequatur libero iure quis molestiae voluptatem ab. Dolorum tenetur aperiam eveniet ut voluptas doloribus provident architecto.', '2019-08-03 05:18:14', '2019-08-03 05:18:14'),
(70, 120, 'Dr.', 'Veritatis et ex aut commodi. Temporibus veniam ut molestias culpa. Occaecati quisquam dolores voluptas est commodi ut commodi. Dolor ut dolore dolorem occaecati voluptate.', '2019-08-03 05:18:14', '2019-08-03 05:18:14'),
(71, 121, 'Ms.', 'Delectus tenetur nostrum quos sed natus praesentium. Illum quia ea eum aut autem fuga. Totam ipsam qui ea ut quaerat aut.', '2019-08-03 05:18:14', '2019-08-03 05:18:14'),
(72, 122, 'Mr.', 'Magni facilis officia voluptatem praesentium alias vel. Necessitatibus consequatur atque impedit consequatur voluptas. Aliquid aut et quam veritatis quidem odit facilis.', '2019-08-03 05:18:14', '2019-08-03 05:18:14'),
(73, 123, 'Prof.', 'Eum dolorem possimus accusantium quaerat praesentium. Maiores earum eum ex voluptatem cum quisquam. Assumenda debitis labore ipsum voluptatem id sed inventore.', '2019-08-03 05:18:14', '2019-08-03 05:18:14'),
(74, 124, 'Dr.', 'Doloremque nesciunt consectetur facilis nemo eos. Voluptate eos accusantium est aut accusantium facilis. Qui enim voluptatibus aut voluptas repudiandae. Asperiores beatae explicabo velit aut ipsum facere.', '2019-08-03 05:18:14', '2019-08-03 05:18:14'),
(75, 125, 'Mr.', 'Occaecati rem expedita eum ipsa qui porro. Ratione quos quos nesciunt ut eius aliquid. Nobis quo ex quasi deserunt. Libero cupiditate soluta non nihil qui quisquam libero.', '2019-08-03 05:18:14', '2019-08-03 05:18:14'),
(76, 126, 'Prof.', 'Accusantium facilis hic magni ea impedit quidem maxime. Sed qui dolor voluptatem explicabo beatae aspernatur aut. Rerum debitis qui labore qui suscipit.', '2019-08-03 05:18:14', '2019-08-03 05:18:14'),
(77, 127, 'Ms.', 'Qui similique aut illum distinctio accusantium. Laborum illo quidem qui. Qui consequatur necessitatibus et repudiandae.', '2019-08-03 05:18:14', '2019-08-03 05:18:14'),
(78, 128, 'Mr.', 'Id eos saepe magnam. Cum qui et quis est dicta minima maxime. Quia consequatur qui rerum laboriosam necessitatibus. Velit corrupti dolorem voluptatum.', '2019-08-03 05:18:14', '2019-08-03 05:18:14'),
(79, 129, 'Mrs.', 'Non repellendus rerum odio. Voluptatem repellat voluptates dicta consequatur sit. Dolor et sit necessitatibus quis ad et quaerat.', '2019-08-03 05:18:14', '2019-08-03 05:18:14'),
(80, 130, 'Prof.', 'Dolor facere aliquam possimus est. Quod excepturi ducimus ut consectetur fuga. Autem rerum et nesciunt.', '2019-08-03 05:18:14', '2019-08-03 05:18:14'),
(81, 131, 'Dr.', 'Et deleniti dicta officiis officiis esse quia doloribus. Quibusdam consequuntur nihil animi possimus quasi eos. Voluptatum accusantium quaerat dolorem illum temporibus veniam ullam. Est repellat hic consectetur quo soluta.', '2019-08-03 05:18:14', '2019-08-03 05:18:14'),
(82, 132, 'Dr.', 'Assumenda commodi voluptate molestiae est exercitationem beatae aut porro. In alias suscipit ea suscipit fuga sed magni delectus. Ea eligendi omnis aliquid repudiandae est. Qui porro vitae minima magni eum.', '2019-08-03 05:18:14', '2019-08-03 05:18:14'),
(83, 133, 'Mrs.', 'Repellendus facere est et labore neque. Est sint repudiandae quia hic voluptates tenetur. Illo et architecto est tenetur quas provident odio. Molestias nemo facilis tempora tempore omnis facere.', '2019-08-03 05:18:14', '2019-08-03 05:18:14'),
(84, 134, 'Prof.', 'Omnis qui officia eius. Voluptates est eveniet earum ut qui laborum qui. Numquam autem quae dicta beatae qui ipsam nam. Est ea molestias ad incidunt dolor cupiditate nemo omnis.', '2019-08-03 05:18:14', '2019-08-03 05:18:14'),
(85, 135, 'Dr.', 'Nihil quia voluptates quae et commodi. Sit harum veniam esse maiores autem cumque. Perspiciatis qui voluptatum voluptatem.', '2019-08-03 05:18:14', '2019-08-03 05:18:14'),
(86, 136, 'Dr.', 'Accusamus laboriosam consequatur dolore sed ut. Nemo eum non non repellendus. Est est sed non et porro totam et hic.', '2019-08-03 05:18:14', '2019-08-03 05:18:14'),
(87, 137, 'Dr.', 'Porro iure quos enim ab. Illo ea quaerat tempore natus corrupti minima aut. Et minima quis aut. Est praesentium veniam beatae quis voluptate est dolor. Reiciendis amet hic optio odio.', '2019-08-03 05:18:14', '2019-08-03 05:18:14'),
(88, 138, 'Mr.', 'Occaecati voluptatum dolorem voluptate inventore et voluptatibus. Quis velit recusandae sed voluptatum fugiat aut ut. Pariatur reprehenderit nisi cum aperiam maxime perferendis. Repellat iusto quod illum aut inventore.', '2019-08-03 05:18:14', '2019-08-03 05:18:14'),
(89, 139, 'Dr.', 'Cupiditate ipsa sed tempore vitae perspiciatis libero dolor. Omnis non numquam et a ea. Qui et ipsam architecto a architecto iure. Non aut neque praesentium sed.', '2019-08-03 05:18:14', '2019-08-03 05:18:14'),
(90, 140, 'Prof.', 'Placeat neque modi ducimus tenetur rerum temporibus. Non dicta libero consectetur harum aut autem quia et. Quo enim modi sit autem id ipsum iure quia. Dolorum porro quibusdam qui ullam minima.', '2019-08-03 05:18:14', '2019-08-03 05:18:14'),
(91, 141, 'Mrs.', 'Culpa qui et incidunt omnis illum nostrum. Ad atque odit ipsum totam vero voluptatem doloremque. Dicta labore quo laboriosam adipisci corporis saepe.', '2019-08-03 05:18:14', '2019-08-03 05:18:14'),
(92, 142, 'Mrs.', 'Ullam sequi inventore quia sequi. Beatae aut ipsa nulla. Dignissimos rerum voluptas rerum non quis. Iusto ea ut debitis officiis dolorem aliquid.', '2019-08-03 05:18:14', '2019-08-03 05:18:14'),
(93, 143, 'Miss', 'Magnam qui sequi pariatur minima vero nihil. Consequuntur excepturi ut aut ducimus dicta voluptatem exercitationem. Ut dolorum dolorem doloremque numquam ut officia. Perspiciatis eum placeat modi voluptatem.', '2019-08-03 05:18:14', '2019-08-03 05:18:14'),
(94, 144, 'Dr.', 'Molestias voluptates reiciendis placeat earum sint. Nostrum corporis aut nostrum vel odio a corporis a. Iusto et aspernatur facere facere reiciendis pariatur ratione vel.', '2019-08-03 05:18:14', '2019-08-03 05:18:14'),
(95, 145, 'Mr.', 'Aliquid placeat eum doloremque delectus. Reprehenderit ut possimus excepturi iste. Reiciendis quasi quaerat ab dolorum expedita rem aut. Rerum in et magnam consequatur.', '2019-08-03 05:18:14', '2019-08-03 05:18:14'),
(96, 146, 'Ms.', 'Voluptas ipsum ullam voluptatibus. Sed autem sit quo laborum quasi. Dolor iusto ut reiciendis quae. Expedita expedita tempore aut.', '2019-08-03 05:18:14', '2019-08-03 05:18:14'),
(97, 147, 'Prof.', 'Qui et facilis itaque vero quod. Sunt adipisci ipsa quod recusandae autem rerum. Et omnis quia reprehenderit veniam.', '2019-08-03 05:18:14', '2019-08-03 05:18:14'),
(98, 148, 'Ms.', 'Minus dolores labore delectus dolore qui temporibus. Dolorem deleniti sit voluptas sit illo saepe qui. Eum sit non autem delectus adipisci vel.', '2019-08-03 05:18:14', '2019-08-03 05:18:14'),
(99, 149, 'Miss', 'Mollitia non enim voluptatem dolorem aliquam ea et. Eos assumenda quidem quis ipsum. Quo ipsam natus quibusdam eveniet facere consequatur voluptas. Quas ut qui explicabo.', '2019-08-03 05:18:14', '2019-08-03 05:18:14'),
(100, 150, 'Ms.', 'Aliquam quis commodi in molestiae et magnam adipisci. Aperiam ut nostrum ut unde est omnis. Sint qui voluptate quis sapiente sit. Magnam placeat magnam a culpa maiores aut.', '2019-08-03 05:18:14', '2019-08-03 05:18:14'),
(101, 151, 'Dr.', 'Architecto quia dolorum eveniet sit ab dolore. Delectus ut laborum odit molestias sapiente quisquam. Earum adipisci aspernatur sit neque animi itaque. Voluptatem tempore quae expedita et eius ad quis. Ipsam minima velit a illum quod dolor voluptas.', '2019-08-03 05:18:14', '2019-08-03 05:18:14'),
(102, 152, 'Mrs.', 'Autem qui dolor neque omnis. Amet totam quis reiciendis error dolore officia. Iste fugiat odio vel culpa sed placeat.', '2019-08-03 05:18:14', '2019-08-03 05:18:14'),
(103, 153, 'Dr.', 'Sequi vitae enim autem qui explicabo velit. Necessitatibus qui ad aut ea qui. Repellendus nobis voluptates recusandae asperiores est. Et et sunt aperiam.', '2019-08-03 05:18:14', '2019-08-03 05:18:14'),
(104, 154, 'Mr.', 'Blanditiis rerum incidunt sapiente eius. Possimus odit debitis quia ab ut id. Est voluptate qui rerum est ullam.', '2019-08-03 05:18:14', '2019-08-03 05:18:14'),
(105, 155, 'Prof.', 'Repudiandae dicta ipsam sint esse maxime vel corrupti. Ratione sequi consequatur qui voluptas impedit. Aliquid doloremque quisquam unde excepturi est. Incidunt maxime reprehenderit quod dolores facere occaecati.', '2019-08-03 05:18:15', '2019-08-03 05:18:15'),
(106, 156, 'Mr.', 'Quia a expedita quia autem dolor exercitationem expedita distinctio. Ad sit et adipisci illum corrupti sequi. Aut dolor sint saepe nihil.', '2019-08-03 05:18:15', '2019-08-03 05:18:15'),
(107, 157, 'Miss', 'Veritatis quo fuga dolorem. Eos qui impedit delectus recusandae quisquam unde beatae recusandae. Est ullam consectetur pariatur est nemo id consequatur. Distinctio est rerum ea quo et.', '2019-08-03 05:18:15', '2019-08-03 05:18:15'),
(108, 158, 'Miss', 'Error sit dolorem eligendi non incidunt. Omnis blanditiis enim optio architecto recusandae ad dolorum. Ea rerum necessitatibus eaque non voluptatem. Voluptatum in cum aut similique sit recusandae.', '2019-08-03 05:18:15', '2019-08-03 05:18:15'),
(109, 159, 'Mr.', 'Alias fugit ea rerum in. Expedita qui culpa eius et et nostrum. Facere aliquam sunt aut et et similique.', '2019-08-03 05:18:15', '2019-08-03 05:18:15'),
(110, 160, 'Ms.', 'Quis voluptatem molestiae ipsa velit temporibus expedita voluptas. Possimus qui aliquid ipsa qui maiores.', '2019-08-03 05:18:15', '2019-08-03 05:18:15'),
(111, 161, 'Prof.', 'Similique expedita neque molestiae dolorum quo facilis. Suscipit reiciendis ut id quasi quo necessitatibus. Qui maxime deserunt consequatur qui ab. Sed sunt id odit sunt.', '2019-08-03 05:18:15', '2019-08-03 05:18:15'),
(112, 162, 'Miss', 'Sed cupiditate eaque ut error fugit facere. Incidunt corporis minima voluptas ut consequatur. Fugiat reprehenderit voluptatum nisi aut ea voluptatibus. Quia nemo quia iure necessitatibus. Ut iusto ut enim ut mollitia.', '2019-08-03 05:18:15', '2019-08-03 05:18:15'),
(113, 163, 'Prof.', 'Autem quasi placeat accusantium ullam ea. Est nihil incidunt consequatur eligendi cumque ea nisi. Magnam totam molestiae distinctio ullam suscipit. Eveniet aspernatur laborum est beatae.', '2019-08-03 05:18:15', '2019-08-03 05:18:15'),
(114, 164, 'Mr.', 'Illo quas id eligendi. Distinctio modi est aperiam necessitatibus eveniet veritatis. Rem cumque repellat dolores nam et at possimus.', '2019-08-03 05:18:15', '2019-08-03 05:18:15'),
(115, 165, 'Prof.', 'Et ab recusandae distinctio blanditiis. Veniam aut adipisci officiis commodi qui. Ut qui incidunt cupiditate quam dolores fuga.', '2019-08-03 05:18:15', '2019-08-03 05:18:15'),
(116, 166, 'Dr.', 'Sed ut quidem rem et consequatur non voluptas. Explicabo qui sed perferendis non qui qui maxime. Magnam consequuntur quidem voluptatem distinctio. Illum suscipit rerum enim autem quas in.', '2019-08-03 05:18:15', '2019-08-03 05:18:15'),
(117, 167, 'Mrs.', 'Sequi omnis voluptatum eos id. Quos aspernatur dolores magnam unde voluptatem veniam consequatur. Culpa qui ab autem ab non architecto. Reprehenderit minus vitae nihil non voluptatem.', '2019-08-03 05:18:15', '2019-08-03 05:18:15'),
(118, 168, 'Mr.', 'Quos perferendis rem sunt dolorum. Voluptas porro dignissimos et eius. Eos iure alias quae est hic.', '2019-08-03 05:18:15', '2019-08-03 05:18:15'),
(119, 169, 'Ms.', 'Ipsam debitis blanditiis nihil in autem laborum. Eum cumque magnam vel rem maiores. Placeat explicabo et aut repellat et numquam.', '2019-08-03 05:18:15', '2019-08-03 05:18:15'),
(120, 170, 'Prof.', 'Suscipit et vel veritatis. Excepturi similique tenetur vel accusantium velit. Recusandae molestiae quidem cupiditate officia. Illum nisi fugiat quos sunt et quod.', '2019-08-03 05:18:15', '2019-08-03 05:18:15'),
(121, 171, 'Mr.', 'Rem ea praesentium quo voluptate esse quia. Ut nobis incidunt occaecati ratione accusamus ea. Est a ab eligendi enim.', '2019-08-03 05:18:15', '2019-08-03 05:18:15'),
(122, 172, 'Miss', 'Voluptates similique magnam nobis odit nulla vitae pariatur. Voluptatem ut et nesciunt non. Modi voluptatem accusamus consectetur nobis. Aut nobis aut eveniet odio qui eos.', '2019-08-03 05:18:15', '2019-08-03 05:18:15'),
(123, 173, 'Mrs.', 'Ut excepturi debitis est optio aperiam expedita consequatur iure. Laudantium deleniti labore veniam nobis. Neque eos doloremque ratione rerum incidunt et.', '2019-08-03 05:18:15', '2019-08-03 05:18:15'),
(124, 174, 'Prof.', 'Aliquid earum eaque a voluptate nulla voluptates expedita. Nihil dolores eaque voluptas. Magnam reiciendis deleniti enim eos tempora sit. Numquam quia ut quia sed.', '2019-08-03 05:18:15', '2019-08-03 05:18:15'),
(125, 175, 'Prof.', 'Omnis officiis et quod. Debitis exercitationem ratione eum tenetur eaque. Earum a et nisi praesentium doloribus eaque nihil. Aut libero sed magnam.', '2019-08-03 05:18:15', '2019-08-03 05:18:15'),
(126, 176, 'Mrs.', 'Sed consequatur officiis aperiam ducimus. Eveniet voluptate laboriosam consequatur sint. Doloribus sint molestias laborum cumque quam debitis soluta.', '2019-08-03 05:18:15', '2019-08-03 05:18:15'),
(127, 177, 'Mr.', 'Veritatis et repellendus corporis dolores culpa totam. Officiis occaecati eveniet nisi nihil. Recusandae excepturi dolore impedit molestiae. Ut ut quis omnis eum harum a recusandae.', '2019-08-03 05:18:15', '2019-08-03 05:18:15'),
(128, 178, 'Miss', 'Et sit nihil autem quibusdam consequatur laudantium. Sunt aliquid omnis est doloremque.', '2019-08-03 05:18:15', '2019-08-03 05:18:15'),
(129, 179, 'Prof.', 'Eaque incidunt illo voluptate omnis deserunt quia. Nisi quis nostrum quos aliquid optio praesentium et aspernatur. Enim est nihil et aut.', '2019-08-03 05:18:15', '2019-08-03 05:18:15'),
(130, 180, 'Prof.', 'Illum vel maxime esse et debitis deserunt aspernatur. Ducimus ab quis iste ab. Eum repellat quia alias et. Molestiae dolores quis quasi sequi ut occaecati alias.', '2019-08-03 05:18:15', '2019-08-03 05:18:15'),
(131, 181, 'Dr.', 'Maxime quo at non iusto voluptas sint sed. Distinctio et sunt eaque voluptatum itaque rerum. Dolor exercitationem dolorem delectus sequi officiis dolor incidunt.', '2019-08-03 05:18:15', '2019-08-03 05:18:15'),
(132, 182, 'Dr.', 'Vitae ad reiciendis esse necessitatibus voluptas aspernatur. Modi delectus earum dolores iste voluptate sint. Praesentium quas esse est doloribus vero. Provident sunt aut fuga molestiae.', '2019-08-03 05:18:15', '2019-08-03 05:18:15'),
(133, 183, 'Prof.', 'Esse molestiae eveniet a. Et consectetur et tenetur repudiandae voluptate.', '2019-08-03 05:18:15', '2019-08-03 05:18:15'),
(134, 184, 'Miss', 'Molestiae et sapiente aut nam. Tenetur unde consequatur maiores dolores libero doloremque. Aliquid commodi sint provident est eum illum.', '2019-08-03 05:18:15', '2019-08-03 05:18:15'),
(135, 185, 'Mr.', 'Fugit officiis et officiis quia. Et nihil sint hic nam et et id officiis. Tempore voluptas magni ea sapiente aspernatur aspernatur provident ipsam. Et asperiores labore totam distinctio ut repudiandae.', '2019-08-03 05:18:15', '2019-08-03 05:18:15'),
(136, 186, 'Miss', 'Voluptate est reiciendis quis praesentium minima cum voluptatem. Quia et eos esse quis perspiciatis. Explicabo consequatur alias eos voluptas.', '2019-08-03 05:18:15', '2019-08-03 05:18:15'),
(137, 187, 'Prof.', 'Asperiores facere quis nihil consequuntur tempore ea. Excepturi ipsum voluptatibus incidunt quisquam. Quasi iure itaque nesciunt reiciendis consectetur. Eos omnis pariatur est ut a.', '2019-08-03 05:18:15', '2019-08-03 05:18:15'),
(138, 188, 'Mr.', 'Id quae voluptas architecto ipsa sint aut illo natus. Doloribus ipsam hic vitae minima omnis ipsum et. Quam praesentium dicta quo praesentium vel cumque dolores. Est officiis dignissimos nemo illo exercitationem eveniet.', '2019-08-03 05:18:15', '2019-08-03 05:18:15'),
(139, 189, 'Mrs.', 'Earum sed ipsum possimus dignissimos. Impedit provident omnis enim facilis et nobis. Enim ut quia illum est itaque. Ducimus consequatur iusto pariatur dolores inventore nostrum dolores. Et dolor reprehenderit tempore vitae.', '2019-08-03 05:18:15', '2019-08-03 05:18:15'),
(140, 190, 'Mr.', 'Qui reprehenderit sit est et aut et. Mollitia qui laudantium nisi ut dolorem exercitationem iusto. Possimus ut eligendi et quo unde adipisci vitae. Consequatur molestiae odio saepe dolore facilis similique.', '2019-08-03 05:18:15', '2019-08-03 05:18:15'),
(141, 191, 'Mrs.', 'Sint aspernatur quos et sit minima culpa earum. Molestiae asperiores qui voluptatem nulla est iste. Ut laborum atque voluptatem voluptas.', '2019-08-03 05:18:15', '2019-08-03 05:18:15'),
(142, 192, 'Dr.', 'Molestiae itaque voluptas et omnis iste numquam saepe. Molestias sint aliquid mollitia aliquid id. Cumque nulla iste recusandae explicabo sit nesciunt. Laborum autem sed perferendis incidunt perferendis nostrum voluptatem et.', '2019-08-03 05:18:15', '2019-08-03 05:18:15'),
(143, 193, 'Dr.', 'Ea et exercitationem asperiores sequi laboriosam enim sequi. Deserunt aliquam praesentium consequatur blanditiis sint. Laudantium id rerum magnam aliquam. Quam dolores exercitationem temporibus dolores.', '2019-08-03 05:18:15', '2019-08-03 05:18:15'),
(144, 194, 'Prof.', 'Ut ut autem quam est consectetur laborum fuga. Eius enim nulla id maiores. Et nostrum omnis dicta perferendis sit doloribus et. Aut dolorum quia doloremque pariatur numquam dicta et.', '2019-08-03 05:18:15', '2019-08-03 05:18:15'),
(145, 195, 'Mr.', 'Dolor ut fugiat saepe ullam nesciunt quod excepturi. Repellendus quisquam explicabo culpa sapiente id. Architecto eos porro nisi. Ducimus ut distinctio at quisquam. Quo sunt dignissimos id aliquid quam perspiciatis.', '2019-08-03 05:18:15', '2019-08-03 05:18:15'),
(146, 196, 'Mrs.', 'Quo dolor quod laudantium eum. Qui quae sed tenetur veritatis. Vero voluptas veritatis debitis rerum debitis qui itaque. Voluptatibus qui accusamus et.', '2019-08-03 05:18:15', '2019-08-03 05:18:15'),
(147, 197, 'Prof.', 'Praesentium a exercitationem alias. Officia praesentium consequuntur ut eaque. Accusantium id fugiat modi id provident doloribus. Quia fuga temporibus quas accusamus labore officia sed.', '2019-08-03 05:18:15', '2019-08-03 05:18:15'),
(148, 198, 'Miss', 'Eos dignissimos dolorem ad consectetur non voluptatem quis iste. Culpa voluptates qui odit quia. Vel laudantium et est voluptate.', '2019-08-03 05:18:15', '2019-08-03 05:18:15'),
(149, 199, 'Mr.', 'Alias iste id autem ipsum doloremque. Eum magnam nisi voluptas quam quia. Est rem eum in architecto quis.', '2019-08-03 05:18:15', '2019-08-03 05:18:15'),
(150, 200, 'Mr.', 'Dicta officia tenetur adipisci totam quidem aliquam ipsa. Perferendis quas qui deleniti nihil vero dignissimos. Praesentium consequuntur veniam ut dolor. Corporis dolor dignissimos ducimus voluptatem repellendus.', '2019-08-03 05:18:15', '2019-08-03 05:18:15'),
(151, 201, 'Prof.', 'Cum labore facilis est necessitatibus facilis veniam. Rerum exercitationem dolorem sed aspernatur provident consequatur. Deserunt eius perspiciatis pariatur accusantium eos veniam.', '2019-08-03 05:18:15', '2019-08-03 05:18:15'),
(152, 202, 'Dr.', 'Et incidunt dolorem recusandae doloribus sed molestiae sunt. Natus eos officia quia harum doloribus laborum occaecati. Rerum voluptatem est ut debitis debitis enim qui. Nisi officia sapiente illum voluptatem illo molestiae qui.', '2019-08-03 05:18:15', '2019-08-03 05:18:15'),
(153, 203, 'Mrs.', 'Nesciunt sunt voluptatem quos. Velit sunt velit ut sunt. Vero qui ea iusto voluptas expedita minus placeat.', '2019-08-03 05:18:15', '2019-08-03 05:18:15'),
(154, 204, 'Dr.', 'Sequi dolor adipisci est dolorum illum quis ut. Reprehenderit quae molestias consequatur animi officia aliquid. Aut quae ullam fugiat et minus ratione ea.', '2019-08-03 05:18:15', '2019-08-03 05:18:15'),
(155, 205, 'Dr.', 'Molestiae voluptas dolorem doloremque fugit consequatur accusantium. Est ratione quis voluptas voluptatibus et molestias unde. Accusamus reiciendis exercitationem voluptatem at fugit earum fuga.', '2019-08-03 05:18:15', '2019-08-03 05:18:15'),
(156, 206, 'Prof.', 'Enim totam quasi voluptates. Iure exercitationem sit quis et ea magni et. Voluptas occaecati est velit optio mollitia voluptatibus iusto in.', '2019-08-03 05:18:15', '2019-08-03 05:18:15'),
(157, 207, 'Dr.', 'Soluta perspiciatis reiciendis alias quo voluptas. Similique aut dolores veniam inventore.', '2019-08-03 05:18:15', '2019-08-03 05:18:15'),
(158, 208, 'Dr.', 'Optio ea facilis alias corporis quae non necessitatibus tempora. Ea accusamus repellat earum aut. Neque modi molestiae alias tenetur veniam.', '2019-08-03 05:18:15', '2019-08-03 05:18:15'),
(159, 209, 'Ms.', 'Commodi impedit deleniti voluptatem nulla repudiandae id. Ea minima explicabo eum. Alias omnis aut dolor est.', '2019-08-03 05:18:15', '2019-08-03 05:18:15'),
(160, 210, 'Mr.', 'Dolorem magni sapiente sit consequuntur et laudantium ratione. Ut cum id autem nemo minus aut. Voluptatem qui quam repudiandae est cum perferendis quidem.', '2019-08-03 05:18:15', '2019-08-03 05:18:15'),
(161, 211, 'Dr.', 'Non sint consequuntur sunt velit eum officiis. Sit doloribus enim et quo perferendis omnis. Sed tempore officiis et omnis adipisci quidem nihil. Qui at libero architecto perspiciatis.', '2019-08-03 05:18:15', '2019-08-03 05:18:15'),
(162, 212, 'Miss', 'Non minima eum optio vel. Ex occaecati debitis non. Quas ipsam quo qui aspernatur nemo qui eum. Et sed sint et voluptatem dolores cupiditate qui.', '2019-08-03 05:18:15', '2019-08-03 05:18:15'),
(163, 213, 'Prof.', 'Magni rem eum et aut. Dolor sit nobis voluptate qui neque. Laudantium voluptas dolores optio ipsa dolorem nostrum. Id consequatur ut cumque sint rerum. Non nulla impedit deserunt facere est voluptate exercitationem.', '2019-08-03 05:18:15', '2019-08-03 05:18:15'),
(164, 214, 'Miss', 'In repudiandae ut reiciendis quo ea sequi nam. Aut quo et aut rerum. Adipisci veritatis placeat vero laboriosam. Aliquid aut rerum inventore velit nisi.', '2019-08-03 05:18:15', '2019-08-03 05:18:15'),
(165, 215, 'Prof.', 'Dolores ea aspernatur numquam sit eos ex autem quasi. Aut omnis voluptas qui est necessitatibus architecto.', '2019-08-03 05:18:15', '2019-08-03 05:18:15'),
(166, 216, 'Prof.', 'Assumenda omnis esse et autem. Et aliquam ab debitis quidem quaerat et temporibus. Inventore culpa iste in cupiditate.', '2019-08-03 05:18:15', '2019-08-03 05:18:15'),
(167, 217, 'Dr.', 'Sint sed quis sunt qui quo ullam reprehenderit. Dignissimos sit consectetur delectus totam. Quia quidem autem porro qui.', '2019-08-03 05:18:15', '2019-08-03 05:18:15'),
(168, 218, 'Prof.', 'Qui sint qui magni non alias sed. Facilis et voluptas laudantium. Quos repellendus hic numquam qui reiciendis iste et.', '2019-08-03 05:18:15', '2019-08-03 05:18:15'),
(169, 219, 'Dr.', 'Corrupti velit ab sit enim non natus non est. Et qui repellendus doloremque accusamus in omnis. Fugit quaerat libero maiores neque non vel. Sequi adipisci vel ea quos laudantium minima alias quia.', '2019-08-03 05:18:15', '2019-08-03 05:18:15'),
(170, 220, 'Dr.', 'Quos deleniti assumenda omnis possimus. Aut est ab occaecati cupiditate. Voluptate tempore sint eos animi odit vel voluptate debitis. Occaecati ut aut sit et nostrum sapiente.', '2019-08-03 05:18:15', '2019-08-03 05:18:15'),
(171, 221, 'Mr.', 'Velit nihil ut reiciendis nisi animi sit. Molestiae iste reiciendis cupiditate rem non iste. Et velit quo velit quis quia non est.', '2019-08-03 05:18:15', '2019-08-03 05:18:15'),
(172, 222, 'Prof.', 'Illo ea saepe numquam. Nihil impedit suscipit debitis est distinctio. Expedita mollitia iure autem architecto numquam id distinctio. Incidunt sit dolorum dolorum labore amet.', '2019-08-03 05:18:15', '2019-08-03 05:18:15'),
(173, 223, 'Prof.', 'Numquam labore accusantium omnis dicta. Nihil praesentium qui temporibus aliquam earum est. In cum vero pariatur incidunt quidem veniam.', '2019-08-03 05:18:15', '2019-08-03 05:18:15'),
(174, 224, 'Ms.', 'Eum atque sint maiores voluptatem. Nulla sunt est omnis est. Est enim ullam in laudantium est adipisci. Excepturi reprehenderit nostrum dolorem libero aliquam possimus.', '2019-08-03 05:18:15', '2019-08-03 05:18:15'),
(175, 225, 'Dr.', 'Omnis exercitationem magni provident illum. Voluptate quia necessitatibus non doloribus minima iusto quis laborum. Consequatur odio temporibus unde. Quam dignissimos et et iste corporis blanditiis neque. Soluta cumque excepturi maiores voluptates quidem placeat.', '2019-08-03 05:18:15', '2019-08-03 05:18:15'),
(176, 226, 'Miss', 'Aut alias numquam iure corporis accusantium perspiciatis et nam. Dolor quisquam harum consequatur numquam. Harum consequuntur autem dolore totam.', '2019-08-03 05:18:16', '2019-08-03 05:18:16'),
(177, 227, 'Dr.', 'Ea voluptatem corporis et qui. Omnis minus eveniet maiores minima sit harum. Voluptatem impedit mollitia sunt quasi sit. Quia sint dolorum nobis modi et.', '2019-08-03 05:18:16', '2019-08-03 05:18:16'),
(178, 228, 'Dr.', 'Sint distinctio aut eaque non. Quaerat perferendis nihil nesciunt totam perferendis neque et. Amet iure et veritatis culpa enim et nostrum repudiandae.', '2019-08-03 05:18:16', '2019-08-03 05:18:16'),
(179, 229, 'Dr.', 'Laudantium voluptates sunt architecto quia iure aut. Est id et praesentium. Quod tempora libero molestias inventore voluptatibus.', '2019-08-03 05:18:16', '2019-08-03 05:18:16'),
(180, 230, 'Dr.', 'Ea reprehenderit autem et. Excepturi ut optio non sed repudiandae assumenda perspiciatis aut. Quisquam numquam aliquid occaecati non libero.', '2019-08-03 05:18:16', '2019-08-03 05:18:16'),
(181, 231, 'Dr.', 'Et quia aut similique ut magnam voluptatum amet. Officia odit repudiandae exercitationem sequi quasi in ducimus. Accusantium optio illo quis nam minima sed. Est reprehenderit ut dolorem minus optio.', '2019-08-03 05:18:16', '2019-08-03 05:18:16'),
(182, 232, 'Prof.', 'Non deserunt aut molestiae id nulla totam. Rem corrupti quasi et facilis aut facilis. Adipisci voluptatibus itaque explicabo quae aut eveniet. A eum doloribus autem velit sapiente dolore.', '2019-08-03 05:18:16', '2019-08-03 05:18:16'),
(183, 233, 'Dr.', 'Et eos sint saepe optio nam. Sit dolor ut sunt voluptates.', '2019-08-03 05:18:16', '2019-08-03 05:18:16'),
(184, 234, 'Ms.', 'Repellendus sequi possimus ratione veritatis. Quas nostrum voluptatem quia est aut sit. Non unde commodi pariatur eum fugit explicabo. Nam deleniti ad alias eos voluptatibus suscipit omnis. Possimus et molestiae ea reiciendis voluptates maxime.', '2019-08-03 05:18:16', '2019-08-03 05:18:16'),
(185, 235, 'Mr.', 'In aut architecto aut nemo et dicta qui. Quasi itaque distinctio tempora quae non cum et. Ut culpa ab placeat assumenda rerum atque. In sed fugit qui sequi dolores facilis sunt autem.', '2019-08-03 05:18:16', '2019-08-03 05:18:16'),
(186, 236, 'Dr.', 'Voluptatem ducimus quo sed ducimus. Quae quae est id ut ea assumenda. Itaque porro culpa et voluptas officiis aperiam. Quo neque aut magnam est perspiciatis.', '2019-08-03 05:18:16', '2019-08-03 05:18:16'),
(187, 237, 'Miss', 'Distinctio nesciunt impedit qui enim optio voluptatibus. Consequatur ut est et in repellendus corrupti.', '2019-08-03 05:18:16', '2019-08-03 05:18:16'),
(188, 238, 'Mr.', 'Id impedit numquam quod occaecati nesciunt consectetur. Excepturi nostrum et sed ad voluptatem similique. Ea perspiciatis optio commodi sunt nulla. Quis sed iusto omnis et sed in adipisci.', '2019-08-03 05:18:16', '2019-08-03 05:18:16'),
(189, 239, 'Mr.', 'Itaque nihil quia iusto consequuntur at id. Explicabo corporis corporis unde. Ratione nemo qui provident reiciendis ex quas et. Eaque ab magnam ut quo dolor.', '2019-08-03 05:18:16', '2019-08-03 05:18:16'),
(190, 240, 'Prof.', 'Et sunt delectus enim magnam quod architecto nisi rerum. Voluptatibus voluptas enim distinctio. Aperiam vitae corrupti numquam aspernatur et maxime corporis. Officiis sint sed animi nihil totam blanditiis voluptatem.', '2019-08-03 05:18:16', '2019-08-03 05:18:16'),
(191, 241, 'Dr.', 'Necessitatibus rem accusantium doloribus eius esse. Et ratione omnis molestias et. Fugiat quos soluta sit magni aspernatur quasi. Odio amet nihil occaecati doloremque mollitia et.', '2019-08-03 05:18:16', '2019-08-03 05:18:16'),
(192, 242, 'Mr.', 'Sed qui qui ea a quae ullam et. Molestiae commodi aut itaque id assumenda est. Sapiente pariatur aut ullam rerum fuga qui.', '2019-08-03 05:18:16', '2019-08-03 05:18:16'),
(193, 243, 'Miss', 'Iure minima iure beatae est. Enim veritatis doloribus sequi adipisci sequi. Possimus aut facere autem corrupti sunt vitae.', '2019-08-03 05:18:16', '2019-08-03 05:18:16'),
(194, 244, 'Mr.', 'Aut in dolorem placeat aliquid qui rerum iusto. Enim ut sit architecto ducimus. Blanditiis sed saepe officia consequatur consequatur voluptas rerum. Harum et aliquam cupiditate neque.', '2019-08-03 05:18:16', '2019-08-03 05:18:16'),
(195, 245, 'Prof.', 'Veritatis voluptatem ipsam molestiae quas. Consectetur ut omnis reiciendis aut voluptatem eos ipsum mollitia. Odit cupiditate necessitatibus reiciendis harum iste dicta. Fuga sit eius sequi officiis aut dolorem.', '2019-08-03 05:18:16', '2019-08-03 05:18:16'),
(196, 246, 'Mr.', 'Qui quo perspiciatis et ad aut odio laborum. Et similique deserunt dolorum earum ut. Accusamus quis nesciunt possimus sit reiciendis. Labore nobis veniam tempora aliquid autem. Animi est beatae consequuntur voluptatem molestiae.', '2019-08-03 05:18:16', '2019-08-03 05:18:16'),
(197, 247, 'Dr.', 'Magnam voluptatem eum temporibus laborum. Alias eum voluptatem qui et nihil qui. Nostrum voluptatum fuga qui eum consequatur dolores minima esse. Earum enim est perferendis.', '2019-08-03 05:18:16', '2019-08-03 05:18:16'),
(198, 248, 'Mrs.', 'Laborum fuga voluptas veritatis esse. Ut rem ut at minima soluta. Et quam delectus voluptatum aut.', '2019-08-03 05:18:16', '2019-08-03 05:18:16'),
(199, 249, 'Prof.', 'Aut molestiae laborum pariatur exercitationem sunt eius. Qui sequi vel omnis rerum consequatur quia quod. Id enim ipsam error ab.', '2019-08-03 05:18:16', '2019-08-03 05:18:16'),
(200, 250, 'Dr.', 'Mollitia cum voluptate ullam dolores. Similique qui dicta vel rerum fugit ipsum. Ullam modi molestiae qui unde nulla. Id quis inventore libero accusantium.', '2019-08-03 05:18:16', '2019-08-03 05:18:16'),
(201, 2, 'My new Post', 'test', '2019-08-07 00:54:05', '2019-08-07 00:54:05'),
(202, 251, 'My new Post 2', 'test 2', '2019-08-07 01:44:25', '2019-08-07 01:44:25'),
(203, 22, 'My new Post 3', 'test 3', '2019-08-07 03:28:05', '2019-08-07 03:28:05'),
(204, 252, 'My new Post 4', 'test aye mon', '2019-08-13 01:26:49', '2019-08-13 01:26:49');

-- --------------------------------------------------------

--
-- Table structure for table `users`
--

CREATE TABLE `users` (
  `id` bigint(20) UNSIGNED NOT NULL,
  `name` varchar(255) COLLATE utf8mb4_unicode_ci NOT NULL,
  `email` varchar(255) COLLATE utf8mb4_unicode_ci NOT NULL,
  `email_verified_at` timestamp NULL DEFAULT NULL,
  `password` varchar(255) COLLATE utf8mb4_unicode_ci NOT NULL,
  `remember_token` varchar(100) COLLATE utf8mb4_unicode_ci DEFAULT NULL,
  `created_at` timestamp NULL DEFAULT NULL,
  `updated_at` timestamp NULL DEFAULT NULL
) ENGINE=InnoDB DEFAULT CHARSET=utf8mb4 COLLATE=utf8mb4_unicode_ci;

--
-- Dumping data for table `users`
--

INSERT INTO `users` (`id`, `name`, `email`, `email_verified_at`, `password`, `remember_token`, `created_at`, `updated_at`) VALUES
(1, 'Annabel Hayes Jr.', 'sydney02@example.com', '2019-08-03 05:18:13', '$2y$10$92IXUNpkjO0rOQ5byMi.Ye4oKoEa3Ro9llC/.og/at2.uheWG/igi', 'EM7bDz4r3B', '2019-08-03 05:18:13', '2019-08-03 05:18:13'),
(2, 'Prof. Ericka Hessel Jr.', 'assunta22@example.net', '2019-08-03 05:18:13', '$2y$10$92IXUNpkjO0rOQ5byMi.Ye4oKoEa3Ro9llC/.og/at2.uheWG/igi', 'tvb6HUyVPi', '2019-08-03 05:18:13', '2019-08-03 05:18:13'),
(3, 'Caterina Rolfson II', 'pdoyle@example.com', '2019-08-03 05:18:13', '$2y$10$92IXUNpkjO0rOQ5byMi.Ye4oKoEa3Ro9llC/.og/at2.uheWG/igi', 'Q2aF6wsJaw', '2019-08-03 05:18:13', '2019-08-03 05:18:13'),
(4, 'Arielle Purdy III', 'clarissa.rogahn@example.net', '2019-08-03 05:18:13', '$2y$10$92IXUNpkjO0rOQ5byMi.Ye4oKoEa3Ro9llC/.og/at2.uheWG/igi', 'YEwLfZNo9j', '2019-08-03 05:18:13', '2019-08-03 05:18:13'),
(5, 'Mrs. Noemie Schmidt Sr.', 'nhuels@example.net', '2019-08-03 05:18:13', '$2y$10$92IXUNpkjO0rOQ5byMi.Ye4oKoEa3Ro9llC/.og/at2.uheWG/igi', 's7zt1TALwV', '2019-08-03 05:18:13', '2019-08-03 05:18:13'),
(6, 'Luella Gulgowski', 'oswaldo77@example.com', '2019-08-03 05:18:13', '$2y$10$92IXUNpkjO0rOQ5byMi.Ye4oKoEa3Ro9llC/.og/at2.uheWG/igi', 'PIBmG4DJPL', '2019-08-03 05:18:13', '2019-08-03 05:18:13'),
(7, 'Juliet Fay', 'amber37@example.net', '2019-08-03 05:18:13', '$2y$10$92IXUNpkjO0rOQ5byMi.Ye4oKoEa3Ro9llC/.og/at2.uheWG/igi', 'DiN2HZsJQ7', '2019-08-03 05:18:13', '2019-08-03 05:18:13'),
(8, 'Silas Hills', 'elmore28@example.net', '2019-08-03 05:18:13', '$2y$10$92IXUNpkjO0rOQ5byMi.Ye4oKoEa3Ro9llC/.og/at2.uheWG/igi', 'aZz23CxHJ7', '2019-08-03 05:18:13', '2019-08-03 05:18:13'),
(9, 'Julio Klein', 'ifahey@example.org', '2019-08-03 05:18:13', '$2y$10$92IXUNpkjO0rOQ5byMi.Ye4oKoEa3Ro9llC/.og/at2.uheWG/igi', 'dicvRJGQjz', '2019-08-03 05:18:13', '2019-08-03 05:18:13'),
(10, 'Ms. Elinor Romaguera IV', 'urenner@example.com', '2019-08-03 05:18:13', '$2y$10$92IXUNpkjO0rOQ5byMi.Ye4oKoEa3Ro9llC/.og/at2.uheWG/igi', 'q4vqmfWKAd', '2019-08-03 05:18:13', '2019-08-03 05:18:13'),
(11, 'Althea Jacobs', 'pdenesik@example.com', '2019-08-03 05:18:13', '$2y$10$92IXUNpkjO0rOQ5byMi.Ye4oKoEa3Ro9llC/.og/at2.uheWG/igi', 'tob1jF01Md', '2019-08-03 05:18:13', '2019-08-03 05:18:13'),
(12, 'Ms. Alberta Hoppe', 'mkutch@example.com', '2019-08-03 05:18:13', '$2y$10$92IXUNpkjO0rOQ5byMi.Ye4oKoEa3Ro9llC/.og/at2.uheWG/igi', 'F6c3I7E7Uy', '2019-08-03 05:18:13', '2019-08-03 05:18:13'),
(13, 'Karlee Rippin', 'yemard@example.com', '2019-08-03 05:18:13', '$2y$10$92IXUNpkjO0rOQ5byMi.Ye4oKoEa3Ro9llC/.og/at2.uheWG/igi', 'NE0zKUJM9p', '2019-08-03 05:18:13', '2019-08-03 05:18:13'),
(14, 'Jeramie Weimann', 'carole.kertzmann@example.com', '2019-08-03 05:18:13', '$2y$10$92IXUNpkjO0rOQ5byMi.Ye4oKoEa3Ro9llC/.og/at2.uheWG/igi', 'F9pFmTxzRR', '2019-08-03 05:18:13', '2019-08-03 05:18:13'),
(15, 'Clint Feeney', 'schamberger.brennan@example.net', '2019-08-03 05:18:13', '$2y$10$92IXUNpkjO0rOQ5byMi.Ye4oKoEa3Ro9llC/.og/at2.uheWG/igi', 'Vx1cZVlJ7x', '2019-08-03 05:18:13', '2019-08-03 05:18:13'),
(16, 'Reynold Shanahan', 'wisozk.armand@example.net', '2019-08-03 05:18:13', '$2y$10$92IXUNpkjO0rOQ5byMi.Ye4oKoEa3Ro9llC/.og/at2.uheWG/igi', 'qUKQ3JITXI', '2019-08-03 05:18:13', '2019-08-03 05:18:13'),
(17, 'Desiree Hirthe', 'mante.dino@example.net', '2019-08-03 05:18:13', '$2y$10$92IXUNpkjO0rOQ5byMi.Ye4oKoEa3Ro9llC/.og/at2.uheWG/igi', 'eye7craOzG', '2019-08-03 05:18:13', '2019-08-03 05:18:13'),
(18, 'Nicolas Swift', 'fstracke@example.org', '2019-08-03 05:18:13', '$2y$10$92IXUNpkjO0rOQ5byMi.Ye4oKoEa3Ro9llC/.og/at2.uheWG/igi', '8gVmHkZIfh', '2019-08-03 05:18:13', '2019-08-03 05:18:13'),
(19, 'Mrs. Sophie Daugherty', 'meta.kassulke@example.com', '2019-08-03 05:18:13', '$2y$10$92IXUNpkjO0rOQ5byMi.Ye4oKoEa3Ro9llC/.og/at2.uheWG/igi', 'XdD3yKy16s', '2019-08-03 05:18:13', '2019-08-03 05:18:13'),
(20, 'Prof. Marley Barton PhD', 'dicki.diego@example.com', '2019-08-03 05:18:13', '$2y$10$92IXUNpkjO0rOQ5byMi.Ye4oKoEa3Ro9llC/.og/at2.uheWG/igi', 'h1TPhdGw2F', '2019-08-03 05:18:13', '2019-08-03 05:18:13'),
(21, 'Sienna Anderson', 'upagac@example.net', '2019-08-03 05:18:13', '$2y$10$92IXUNpkjO0rOQ5byMi.Ye4oKoEa3Ro9llC/.og/at2.uheWG/igi', 'KQWmI0DoYH', '2019-08-03 05:18:13', '2019-08-03 05:18:13'),
(22, 'Nico Fay', 'paxton.nader@example.org', '2019-08-03 05:18:13', '$2y$10$92IXUNpkjO0rOQ5byMi.Ye4oKoEa3Ro9llC/.og/at2.uheWG/igi', 'esZssQ1Th0', '2019-08-03 05:18:13', '2019-08-03 05:18:13'),
(23, 'Pedro Marks PhD', 'cooper24@example.com', '2019-08-03 05:18:13', '$2y$10$92IXUNpkjO0rOQ5byMi.Ye4oKoEa3Ro9llC/.og/at2.uheWG/igi', 'mEd1cshcL4', '2019-08-03 05:18:13', '2019-08-03 05:18:13'),
(24, 'Prof. Emmanuel Kuhic', 'funk.mossie@example.net', '2019-08-03 05:18:13', '$2y$10$92IXUNpkjO0rOQ5byMi.Ye4oKoEa3Ro9llC/.og/at2.uheWG/igi', 'EJBqMclznh', '2019-08-03 05:18:13', '2019-08-03 05:18:13'),
(25, 'Laurianne Murray', 'clueilwitz@example.org', '2019-08-03 05:18:13', '$2y$10$92IXUNpkjO0rOQ5byMi.Ye4oKoEa3Ro9llC/.og/at2.uheWG/igi', 'WK4zUkFTV1', '2019-08-03 05:18:13', '2019-08-03 05:18:13'),
(26, 'Graciela Parker Jr.', 'rickie.labadie@example.net', '2019-08-03 05:18:13', '$2y$10$92IXUNpkjO0rOQ5byMi.Ye4oKoEa3Ro9llC/.og/at2.uheWG/igi', 'MXNSaHScIr', '2019-08-03 05:18:13', '2019-08-03 05:18:13'),
(27, 'Angela Abshire', 'madisen.bradtke@example.org', '2019-08-03 05:18:13', '$2y$10$92IXUNpkjO0rOQ5byMi.Ye4oKoEa3Ro9llC/.og/at2.uheWG/igi', 'XMToqHOxjT', '2019-08-03 05:18:13', '2019-08-03 05:18:13'),
(28, 'Haylee Kiehn', 'elsie20@example.com', '2019-08-03 05:18:13', '$2y$10$92IXUNpkjO0rOQ5byMi.Ye4oKoEa3Ro9llC/.og/at2.uheWG/igi', '6NZJZzlYOK', '2019-08-03 05:18:13', '2019-08-03 05:18:13'),
(29, 'Roberta Mosciski', 'christa46@example.org', '2019-08-03 05:18:13', '$2y$10$92IXUNpkjO0rOQ5byMi.Ye4oKoEa3Ro9llC/.og/at2.uheWG/igi', 'vuY2EOasVM', '2019-08-03 05:18:13', '2019-08-03 05:18:13'),
(30, 'Merl Wuckert', 'lgrady@example.net', '2019-08-03 05:18:13', '$2y$10$92IXUNpkjO0rOQ5byMi.Ye4oKoEa3Ro9llC/.og/at2.uheWG/igi', 'M6TUJ0apf4', '2019-08-03 05:18:13', '2019-08-03 05:18:13'),
(31, 'Mr. Cristobal Gorczany I', 'hyatt.kasey@example.org', '2019-08-03 05:18:13', '$2y$10$92IXUNpkjO0rOQ5byMi.Ye4oKoEa3Ro9llC/.og/at2.uheWG/igi', 'rcQcuERvNq', '2019-08-03 05:18:13', '2019-08-03 05:18:13'),
(32, 'Erica Kiehn MD', 'rachel66@example.net', '2019-08-03 05:18:13', '$2y$10$92IXUNpkjO0rOQ5byMi.Ye4oKoEa3Ro9llC/.og/at2.uheWG/igi', 'tkdIHEL9Cd', '2019-08-03 05:18:13', '2019-08-03 05:18:13'),
(33, 'Emilia Fay', 'catherine44@example.net', '2019-08-03 05:18:13', '$2y$10$92IXUNpkjO0rOQ5byMi.Ye4oKoEa3Ro9llC/.og/at2.uheWG/igi', 'VrqvAOKWTw', '2019-08-03 05:18:13', '2019-08-03 05:18:13'),
(34, 'Trent Toy', 'dimitri88@example.net', '2019-08-03 05:18:13', '$2y$10$92IXUNpkjO0rOQ5byMi.Ye4oKoEa3Ro9llC/.og/at2.uheWG/igi', 'AFLNJNrGUt', '2019-08-03 05:18:13', '2019-08-03 05:18:13'),
(35, 'Melvin Weimann', 'mattie.kerluke@example.org', '2019-08-03 05:18:13', '$2y$10$92IXUNpkjO0rOQ5byMi.Ye4oKoEa3Ro9llC/.og/at2.uheWG/igi', 'qpOhaq0evH', '2019-08-03 05:18:13', '2019-08-03 05:18:13'),
(36, 'Dr. Telly Goodwin', 'kennedy.tromp@example.org', '2019-08-03 05:18:13', '$2y$10$92IXUNpkjO0rOQ5byMi.Ye4oKoEa3Ro9llC/.og/at2.uheWG/igi', '0vZfaLU8pu', '2019-08-03 05:18:13', '2019-08-03 05:18:13'),
(37, 'Ryan Balistreri', 'triston43@example.net', '2019-08-03 05:18:13', '$2y$10$92IXUNpkjO0rOQ5byMi.Ye4oKoEa3Ro9llC/.og/at2.uheWG/igi', 'ZG66F43Byb', '2019-08-03 05:18:13', '2019-08-03 05:18:13'),
(38, 'Jane Jacobs', 'aconroy@example.org', '2019-08-03 05:18:13', '$2y$10$92IXUNpkjO0rOQ5byMi.Ye4oKoEa3Ro9llC/.og/at2.uheWG/igi', '7lqArqETUs', '2019-08-03 05:18:13', '2019-08-03 05:18:13'),
(39, 'Natasha Abbott', 'hoyt44@example.org', '2019-08-03 05:18:13', '$2y$10$92IXUNpkjO0rOQ5byMi.Ye4oKoEa3Ro9llC/.og/at2.uheWG/igi', 'uIlhHeGbLa', '2019-08-03 05:18:13', '2019-08-03 05:18:13'),
(40, 'Melissa Balistreri', 'rgerlach@example.net', '2019-08-03 05:18:13', '$2y$10$92IXUNpkjO0rOQ5byMi.Ye4oKoEa3Ro9llC/.og/at2.uheWG/igi', 'kWaPXuHg5v', '2019-08-03 05:18:13', '2019-08-03 05:18:13'),
(41, 'Ethelyn Christiansen', 'kellie.johnston@example.com', '2019-08-03 05:18:13', '$2y$10$92IXUNpkjO0rOQ5byMi.Ye4oKoEa3Ro9llC/.og/at2.uheWG/igi', 'UeqegohGyk', '2019-08-03 05:18:13', '2019-08-03 05:18:13'),
(42, 'Mr. Chad Hilpert Jr.', 'ohegmann@example.org', '2019-08-03 05:18:13', '$2y$10$92IXUNpkjO0rOQ5byMi.Ye4oKoEa3Ro9llC/.og/at2.uheWG/igi', 'efL3iWbd8t', '2019-08-03 05:18:13', '2019-08-03 05:18:13'),
(43, 'Coralie Cormier', 'abdul.franecki@example.com', '2019-08-03 05:18:13', '$2y$10$92IXUNpkjO0rOQ5byMi.Ye4oKoEa3Ro9llC/.og/at2.uheWG/igi', 'YRKz1ONNNg', '2019-08-03 05:18:13', '2019-08-03 05:18:13'),
(44, 'Felipe Monahan', 'rkihn@example.org', '2019-08-03 05:18:13', '$2y$10$92IXUNpkjO0rOQ5byMi.Ye4oKoEa3Ro9llC/.og/at2.uheWG/igi', 'mgqX63GW1p', '2019-08-03 05:18:13', '2019-08-03 05:18:13'),
(45, 'Evert Batz', 'ukessler@example.org', '2019-08-03 05:18:13', '$2y$10$92IXUNpkjO0rOQ5byMi.Ye4oKoEa3Ro9llC/.og/at2.uheWG/igi', 'FF27mX6Ynh', '2019-08-03 05:18:13', '2019-08-03 05:18:13'),
(46, 'Dr. Cathy Wilkinson IV', 'aileen84@example.net', '2019-08-03 05:18:13', '$2y$10$92IXUNpkjO0rOQ5byMi.Ye4oKoEa3Ro9llC/.og/at2.uheWG/igi', 'QOi1ZCqNwT', '2019-08-03 05:18:13', '2019-08-03 05:18:13'),
(47, 'Adonis Bartoletti', 'qcrooks@example.net', '2019-08-03 05:18:13', '$2y$10$92IXUNpkjO0rOQ5byMi.Ye4oKoEa3Ro9llC/.og/at2.uheWG/igi', '46xkUGM7JM', '2019-08-03 05:18:13', '2019-08-03 05:18:13'),
(48, 'Elroy Lubowitz', 'ctromp@example.org', '2019-08-03 05:18:13', '$2y$10$92IXUNpkjO0rOQ5byMi.Ye4oKoEa3Ro9llC/.og/at2.uheWG/igi', 'JHuh3NIYVe', '2019-08-03 05:18:13', '2019-08-03 05:18:13'),
(49, 'Alia Kub V', 'turner.simone@example.org', '2019-08-03 05:18:13', '$2y$10$92IXUNpkjO0rOQ5byMi.Ye4oKoEa3Ro9llC/.og/at2.uheWG/igi', '6rCgHECG36', '2019-08-03 05:18:13', '2019-08-03 05:18:13'),
(50, 'Timmy Goyette', 'ariel.krajcik@example.net', '2019-08-03 05:18:13', '$2y$10$92IXUNpkjO0rOQ5byMi.Ye4oKoEa3Ro9llC/.og/at2.uheWG/igi', 'VMrsZnENIb', '2019-08-03 05:18:13', '2019-08-03 05:18:13'),
(51, 'Abbigail Anderson', 'steuber.jackson@example.net', '2019-08-03 05:18:13', '$2y$10$92IXUNpkjO0rOQ5byMi.Ye4oKoEa3Ro9llC/.og/at2.uheWG/igi', 'dGdbGR34sm', '2019-08-03 05:18:13', '2019-08-03 05:18:13'),
(52, 'Prof. Sidney Trantow', 'williamson.hillary@example.org', '2019-08-03 05:18:13', '$2y$10$92IXUNpkjO0rOQ5byMi.Ye4oKoEa3Ro9llC/.og/at2.uheWG/igi', 'FE6pf1LDQQ', '2019-08-03 05:18:13', '2019-08-03 05:18:13'),
(53, 'Miss Constance Leuschke III', 'lhuel@example.net', '2019-08-03 05:18:13', '$2y$10$92IXUNpkjO0rOQ5byMi.Ye4oKoEa3Ro9llC/.og/at2.uheWG/igi', 'nQpw4H6zoX', '2019-08-03 05:18:13', '2019-08-03 05:18:13'),
(54, 'Aiyana Reynolds', 'leuschke.geovany@example.net', '2019-08-03 05:18:13', '$2y$10$92IXUNpkjO0rOQ5byMi.Ye4oKoEa3Ro9llC/.og/at2.uheWG/igi', '9hZadOsjSd', '2019-08-03 05:18:13', '2019-08-03 05:18:13'),
(55, 'Sandrine Marquardt', 'gutmann.reva@example.com', '2019-08-03 05:18:13', '$2y$10$92IXUNpkjO0rOQ5byMi.Ye4oKoEa3Ro9llC/.og/at2.uheWG/igi', 'NH2x5TqGL7', '2019-08-03 05:18:13', '2019-08-03 05:18:13'),
(56, 'Lorna Frami', 'reyna.quitzon@example.net', '2019-08-03 05:18:13', '$2y$10$92IXUNpkjO0rOQ5byMi.Ye4oKoEa3Ro9llC/.og/at2.uheWG/igi', 'ixwWMHLJRK', '2019-08-03 05:18:13', '2019-08-03 05:18:13'),
(57, 'Gennaro Emard', 'lucile.rodriguez@example.org', '2019-08-03 05:18:13', '$2y$10$92IXUNpkjO0rOQ5byMi.Ye4oKoEa3Ro9llC/.og/at2.uheWG/igi', '79KqvIipO8', '2019-08-03 05:18:13', '2019-08-03 05:18:13'),
(58, 'Clifton Murphy', 'florine20@example.net', '2019-08-03 05:18:13', '$2y$10$92IXUNpkjO0rOQ5byMi.Ye4oKoEa3Ro9llC/.og/at2.uheWG/igi', 'Q1ryyfzgGg', '2019-08-03 05:18:13', '2019-08-03 05:18:13'),
(59, 'Alanis O\'Connell', 'jlesch@example.net', '2019-08-03 05:18:13', '$2y$10$92IXUNpkjO0rOQ5byMi.Ye4oKoEa3Ro9llC/.og/at2.uheWG/igi', 'iCJEmYsBe2', '2019-08-03 05:18:13', '2019-08-03 05:18:13'),
(60, 'Hailie Daugherty III', 'ebalistreri@example.com', '2019-08-03 05:18:13', '$2y$10$92IXUNpkjO0rOQ5byMi.Ye4oKoEa3Ro9llC/.og/at2.uheWG/igi', '0qo6AW2UDa', '2019-08-03 05:18:13', '2019-08-03 05:18:13'),
(61, 'Mrs. Bernadine Denesik', 'randy.cummings@example.org', '2019-08-03 05:18:13', '$2y$10$92IXUNpkjO0rOQ5byMi.Ye4oKoEa3Ro9llC/.og/at2.uheWG/igi', 'pghr0ifiOz', '2019-08-03 05:18:13', '2019-08-03 05:18:13'),
(62, 'Euna Crona', 'torp.esta@example.com', '2019-08-03 05:18:13', '$2y$10$92IXUNpkjO0rOQ5byMi.Ye4oKoEa3Ro9llC/.og/at2.uheWG/igi', 'Dpgcft2vqF', '2019-08-03 05:18:13', '2019-08-03 05:18:13'),
(63, 'Muhammad Lubowitz I', 'ayana.grimes@example.org', '2019-08-03 05:18:13', '$2y$10$92IXUNpkjO0rOQ5byMi.Ye4oKoEa3Ro9llC/.og/at2.uheWG/igi', 'kxe5CTdxl8', '2019-08-03 05:18:13', '2019-08-03 05:18:13'),
(64, 'Prof. Duane Nicolas V', 'graham.bernadine@example.net', '2019-08-03 05:18:13', '$2y$10$92IXUNpkjO0rOQ5byMi.Ye4oKoEa3Ro9llC/.og/at2.uheWG/igi', 'TiJUAFZbEc', '2019-08-03 05:18:13', '2019-08-03 05:18:13'),
(65, 'Okey Paucek', 'aletha28@example.net', '2019-08-03 05:18:13', '$2y$10$92IXUNpkjO0rOQ5byMi.Ye4oKoEa3Ro9llC/.og/at2.uheWG/igi', 'oKmcqpXXph', '2019-08-03 05:18:13', '2019-08-03 05:18:13'),
(66, 'Lottie Lowe', 'claudine.weber@example.org', '2019-08-03 05:18:13', '$2y$10$92IXUNpkjO0rOQ5byMi.Ye4oKoEa3Ro9llC/.og/at2.uheWG/igi', 'kBhuPR1QBP', '2019-08-03 05:18:13', '2019-08-03 05:18:13'),
(67, 'Leonie Lowe', 'hilma.hand@example.com', '2019-08-03 05:18:14', '$2y$10$92IXUNpkjO0rOQ5byMi.Ye4oKoEa3Ro9llC/.og/at2.uheWG/igi', 'Jc6mpgB2R5', '2019-08-03 05:18:14', '2019-08-03 05:18:14'),
(68, 'Candido Hand', 'ekshlerin@example.org', '2019-08-03 05:18:14', '$2y$10$92IXUNpkjO0rOQ5byMi.Ye4oKoEa3Ro9llC/.og/at2.uheWG/igi', 'CRLsDj5aw5', '2019-08-03 05:18:14', '2019-08-03 05:18:14'),
(69, 'Abdullah Cruickshank', 'denesik.mittie@example.org', '2019-08-03 05:18:14', '$2y$10$92IXUNpkjO0rOQ5byMi.Ye4oKoEa3Ro9llC/.og/at2.uheWG/igi', 'm9ZJqjN2b6', '2019-08-03 05:18:14', '2019-08-03 05:18:14'),
(70, 'Murphy Zemlak', 'jaqueline29@example.com', '2019-08-03 05:18:14', '$2y$10$92IXUNpkjO0rOQ5byMi.Ye4oKoEa3Ro9llC/.og/at2.uheWG/igi', '2wRGnJnHg5', '2019-08-03 05:18:14', '2019-08-03 05:18:14'),
(71, 'Margret Ruecker', 'claudine97@example.com', '2019-08-03 05:18:14', '$2y$10$92IXUNpkjO0rOQ5byMi.Ye4oKoEa3Ro9llC/.og/at2.uheWG/igi', 'eWwEUwNwaB', '2019-08-03 05:18:14', '2019-08-03 05:18:14'),
(72, 'Cody Mraz', 'gibson.keith@example.org', '2019-08-03 05:18:14', '$2y$10$92IXUNpkjO0rOQ5byMi.Ye4oKoEa3Ro9llC/.og/at2.uheWG/igi', 'RmGD1rLP7e', '2019-08-03 05:18:14', '2019-08-03 05:18:14'),
(73, 'Prof. Jorge Wehner', 'linnie.stanton@example.org', '2019-08-03 05:18:14', '$2y$10$92IXUNpkjO0rOQ5byMi.Ye4oKoEa3Ro9llC/.og/at2.uheWG/igi', '4yLrZaPHEL', '2019-08-03 05:18:14', '2019-08-03 05:18:14'),
(74, 'Mr. Sigrid Pouros IV', 'micah.cole@example.org', '2019-08-03 05:18:14', '$2y$10$92IXUNpkjO0rOQ5byMi.Ye4oKoEa3Ro9llC/.og/at2.uheWG/igi', 'duhFvBWQED', '2019-08-03 05:18:14', '2019-08-03 05:18:14'),
(75, 'Jonatan Frami', 'qsenger@example.net', '2019-08-03 05:18:14', '$2y$10$92IXUNpkjO0rOQ5byMi.Ye4oKoEa3Ro9llC/.og/at2.uheWG/igi', 'LSt0jupK3O', '2019-08-03 05:18:14', '2019-08-03 05:18:14'),
(76, 'Brad Hane IV', 'velma63@example.net', '2019-08-03 05:18:14', '$2y$10$92IXUNpkjO0rOQ5byMi.Ye4oKoEa3Ro9llC/.og/at2.uheWG/igi', 'YhxpMcMKG1', '2019-08-03 05:18:14', '2019-08-03 05:18:14'),
(77, 'Kayli Jones', 'pwalker@example.net', '2019-08-03 05:18:14', '$2y$10$92IXUNpkjO0rOQ5byMi.Ye4oKoEa3Ro9llC/.og/at2.uheWG/igi', '04hoC3hxo5', '2019-08-03 05:18:14', '2019-08-03 05:18:14'),
(78, 'Vilma Botsford', 'jerod60@example.net', '2019-08-03 05:18:14', '$2y$10$92IXUNpkjO0rOQ5byMi.Ye4oKoEa3Ro9llC/.og/at2.uheWG/igi', 'zbdu1o3Agn', '2019-08-03 05:18:14', '2019-08-03 05:18:14'),
(79, 'Emily Wolf DDS', 'epfannerstill@example.com', '2019-08-03 05:18:14', '$2y$10$92IXUNpkjO0rOQ5byMi.Ye4oKoEa3Ro9llC/.og/at2.uheWG/igi', 'mu7ooRI4wJ', '2019-08-03 05:18:14', '2019-08-03 05:18:14'),
(80, 'Jasper Kris DVM', 'qschowalter@example.net', '2019-08-03 05:18:14', '$2y$10$92IXUNpkjO0rOQ5byMi.Ye4oKoEa3Ro9llC/.og/at2.uheWG/igi', 'WYTOZ1nZ1n', '2019-08-03 05:18:14', '2019-08-03 05:18:14'),
(81, 'Talon Erdman', 'samson84@example.org', '2019-08-03 05:18:14', '$2y$10$92IXUNpkjO0rOQ5byMi.Ye4oKoEa3Ro9llC/.og/at2.uheWG/igi', 'g2ZBCRBruz', '2019-08-03 05:18:14', '2019-08-03 05:18:14'),
(82, 'Mr. Haley Schneider', 'jessy58@example.net', '2019-08-03 05:18:14', '$2y$10$92IXUNpkjO0rOQ5byMi.Ye4oKoEa3Ro9llC/.og/at2.uheWG/igi', 'QghLqfO45F', '2019-08-03 05:18:14', '2019-08-03 05:18:14'),
(83, 'Dr. Cletus Ledner Jr.', 'alabadie@example.com', '2019-08-03 05:18:14', '$2y$10$92IXUNpkjO0rOQ5byMi.Ye4oKoEa3Ro9llC/.og/at2.uheWG/igi', 'PJlc5hADnu', '2019-08-03 05:18:14', '2019-08-03 05:18:14'),
(84, 'Josie Erdman', 'candice71@example.org', '2019-08-03 05:18:14', '$2y$10$92IXUNpkjO0rOQ5byMi.Ye4oKoEa3Ro9llC/.og/at2.uheWG/igi', '5G1m2Pv0cC', '2019-08-03 05:18:14', '2019-08-03 05:18:14'),
(85, 'Melody McLaughlin', 'yost.amara@example.net', '2019-08-03 05:18:14', '$2y$10$92IXUNpkjO0rOQ5byMi.Ye4oKoEa3Ro9llC/.og/at2.uheWG/igi', 'rtOpsM68ZG', '2019-08-03 05:18:14', '2019-08-03 05:18:14'),
(86, 'Norberto Lakin', 'tromp.ozella@example.org', '2019-08-03 05:18:14', '$2y$10$92IXUNpkjO0rOQ5byMi.Ye4oKoEa3Ro9llC/.og/at2.uheWG/igi', 'z6hnA3fXAL', '2019-08-03 05:18:14', '2019-08-03 05:18:14'),
(87, 'Kacey Rogahn', 'wyman.rowena@example.org', '2019-08-03 05:18:14', '$2y$10$92IXUNpkjO0rOQ5byMi.Ye4oKoEa3Ro9llC/.og/at2.uheWG/igi', '9YxOvv8Z4f', '2019-08-03 05:18:14', '2019-08-03 05:18:14'),
(88, 'Urban Cremin', 'terrell99@example.org', '2019-08-03 05:18:14', '$2y$10$92IXUNpkjO0rOQ5byMi.Ye4oKoEa3Ro9llC/.og/at2.uheWG/igi', 'BnBFI4CGCq', '2019-08-03 05:18:14', '2019-08-03 05:18:14'),
(89, 'Ms. Freeda Lockman', 'szboncak@example.net', '2019-08-03 05:18:14', '$2y$10$92IXUNpkjO0rOQ5byMi.Ye4oKoEa3Ro9llC/.og/at2.uheWG/igi', 'EC3FAL8uQq', '2019-08-03 05:18:14', '2019-08-03 05:18:14'),
(90, 'Mr. Pietro Cummerata Jr.', 'coby61@example.com', '2019-08-03 05:18:14', '$2y$10$92IXUNpkjO0rOQ5byMi.Ye4oKoEa3Ro9llC/.og/at2.uheWG/igi', 'Vi8r19m4xp', '2019-08-03 05:18:14', '2019-08-03 05:18:14'),
(91, 'Tobin Williamson', 'qweissnat@example.net', '2019-08-03 05:18:14', '$2y$10$92IXUNpkjO0rOQ5byMi.Ye4oKoEa3Ro9llC/.og/at2.uheWG/igi', 'FbD3El3Nym', '2019-08-03 05:18:14', '2019-08-03 05:18:14'),
(92, 'Ms. Natalie Johns Sr.', 'fae15@example.net', '2019-08-03 05:18:14', '$2y$10$92IXUNpkjO0rOQ5byMi.Ye4oKoEa3Ro9llC/.og/at2.uheWG/igi', 'VKi3tX4nGC', '2019-08-03 05:18:14', '2019-08-03 05:18:14'),
(93, 'Diana Grady PhD', 'jbotsford@example.net', '2019-08-03 05:18:14', '$2y$10$92IXUNpkjO0rOQ5byMi.Ye4oKoEa3Ro9llC/.og/at2.uheWG/igi', 'dPzgWbjpyf', '2019-08-03 05:18:14', '2019-08-03 05:18:14'),
(94, 'Walker Kuvalis PhD', 'angel21@example.org', '2019-08-03 05:18:14', '$2y$10$92IXUNpkjO0rOQ5byMi.Ye4oKoEa3Ro9llC/.og/at2.uheWG/igi', 'Xqxygd0MdB', '2019-08-03 05:18:14', '2019-08-03 05:18:14'),
(95, 'Ethelyn Hand DVM', 'kshlerin.lucas@example.net', '2019-08-03 05:18:14', '$2y$10$92IXUNpkjO0rOQ5byMi.Ye4oKoEa3Ro9llC/.og/at2.uheWG/igi', 'WAjs4SJhRU', '2019-08-03 05:18:14', '2019-08-03 05:18:14'),
(96, 'Vena Kulas IV', 'onie.hilpert@example.net', '2019-08-03 05:18:14', '$2y$10$92IXUNpkjO0rOQ5byMi.Ye4oKoEa3Ro9llC/.og/at2.uheWG/igi', 'bC5EHMLjC8', '2019-08-03 05:18:14', '2019-08-03 05:18:14'),
(97, 'Tyrell Hamill MD', 'janelle.boyer@example.org', '2019-08-03 05:18:14', '$2y$10$92IXUNpkjO0rOQ5byMi.Ye4oKoEa3Ro9llC/.og/at2.uheWG/igi', 'zqfzBdYhCY', '2019-08-03 05:18:14', '2019-08-03 05:18:14'),
(98, 'Ms. Brisa Wiegand DDS', 'lillian.blanda@example.com', '2019-08-03 05:18:14', '$2y$10$92IXUNpkjO0rOQ5byMi.Ye4oKoEa3Ro9llC/.og/at2.uheWG/igi', '6PL8Rio0Jw', '2019-08-03 05:18:14', '2019-08-03 05:18:14'),
(99, 'Bianka Runte', 'sophia.sawayn@example.com', '2019-08-03 05:18:14', '$2y$10$92IXUNpkjO0rOQ5byMi.Ye4oKoEa3Ro9llC/.og/at2.uheWG/igi', 'usmi2IcXeg', '2019-08-03 05:18:14', '2019-08-03 05:18:14'),
(100, 'Mr. Jerald Ryan', 'fbeer@example.org', '2019-08-03 05:18:14', '$2y$10$92IXUNpkjO0rOQ5byMi.Ye4oKoEa3Ro9llC/.og/at2.uheWG/igi', 'pReyUl9ZTA', '2019-08-03 05:18:14', '2019-08-03 05:18:14'),
(101, 'Wanda Ankunding', 'magali08@example.net', '2019-08-03 05:18:14', '$2y$10$92IXUNpkjO0rOQ5byMi.Ye4oKoEa3Ro9llC/.og/at2.uheWG/igi', 'WYTTxwrkQb', '2019-08-03 05:18:14', '2019-08-03 05:18:14'),
(102, 'Jeramy Hyatt', 'warren.rosenbaum@example.org', '2019-08-03 05:18:14', '$2y$10$92IXUNpkjO0rOQ5byMi.Ye4oKoEa3Ro9llC/.og/at2.uheWG/igi', 'L7dFjVBclu', '2019-08-03 05:18:14', '2019-08-03 05:18:14'),
(103, 'Miss Leola Fisher', 'oconnell.frederic@example.com', '2019-08-03 05:18:14', '$2y$10$92IXUNpkjO0rOQ5byMi.Ye4oKoEa3Ro9llC/.og/at2.uheWG/igi', '49my5ExCrB', '2019-08-03 05:18:14', '2019-08-03 05:18:14'),
(104, 'Lera Emard DDS', 'xbauch@example.org', '2019-08-03 05:18:14', '$2y$10$92IXUNpkjO0rOQ5byMi.Ye4oKoEa3Ro9llC/.og/at2.uheWG/igi', 'TGUs4KOkXB', '2019-08-03 05:18:14', '2019-08-03 05:18:14'),
(105, 'Millie Will', 'cummerata.adrien@example.net', '2019-08-03 05:18:14', '$2y$10$92IXUNpkjO0rOQ5byMi.Ye4oKoEa3Ro9llC/.og/at2.uheWG/igi', 'bG7xarvZ22', '2019-08-03 05:18:14', '2019-08-03 05:18:14'),
(106, 'Kendall Boyer', 'predovic.arlie@example.net', '2019-08-03 05:18:14', '$2y$10$92IXUNpkjO0rOQ5byMi.Ye4oKoEa3Ro9llC/.og/at2.uheWG/igi', 'scJ9Us7HO2', '2019-08-03 05:18:14', '2019-08-03 05:18:14'),
(107, 'Prof. Domingo Shields PhD', 'chirthe@example.com', '2019-08-03 05:18:14', '$2y$10$92IXUNpkjO0rOQ5byMi.Ye4oKoEa3Ro9llC/.og/at2.uheWG/igi', 'rR5PAkZmfN', '2019-08-03 05:18:14', '2019-08-03 05:18:14'),
(108, 'Effie Bauch', 'ullrich.maureen@example.org', '2019-08-03 05:18:14', '$2y$10$92IXUNpkjO0rOQ5byMi.Ye4oKoEa3Ro9llC/.og/at2.uheWG/igi', 'Bs1b0ybniN', '2019-08-03 05:18:14', '2019-08-03 05:18:14'),
(109, 'Prof. Sonny Weimann', 'romaguera.pattie@example.com', '2019-08-03 05:18:14', '$2y$10$92IXUNpkjO0rOQ5byMi.Ye4oKoEa3Ro9llC/.og/at2.uheWG/igi', 'eEYtrBlSr8', '2019-08-03 05:18:14', '2019-08-03 05:18:14'),
(110, 'Josh Stroman', 'stephan.kilback@example.com', '2019-08-03 05:18:14', '$2y$10$92IXUNpkjO0rOQ5byMi.Ye4oKoEa3Ro9llC/.og/at2.uheWG/igi', 'DZmXlA6xkh', '2019-08-03 05:18:14', '2019-08-03 05:18:14'),
(111, 'Mariane Weissnat', 'vgreen@example.com', '2019-08-03 05:18:14', '$2y$10$92IXUNpkjO0rOQ5byMi.Ye4oKoEa3Ro9llC/.og/at2.uheWG/igi', 'N0jVVprHZ5', '2019-08-03 05:18:14', '2019-08-03 05:18:14'),
(112, 'Afton Rippin DDS', 'qkoelpin@example.org', '2019-08-03 05:18:14', '$2y$10$92IXUNpkjO0rOQ5byMi.Ye4oKoEa3Ro9llC/.og/at2.uheWG/igi', 'IgZkOUtbCe', '2019-08-03 05:18:14', '2019-08-03 05:18:14'),
(113, 'Autumn Homenick II', 'kmayer@example.net', '2019-08-03 05:18:14', '$2y$10$92IXUNpkjO0rOQ5byMi.Ye4oKoEa3Ro9llC/.og/at2.uheWG/igi', 'gTQaZPCXSa', '2019-08-03 05:18:14', '2019-08-03 05:18:14'),
(114, 'Prof. Felix Morar', 'devon63@example.com', '2019-08-03 05:18:14', '$2y$10$92IXUNpkjO0rOQ5byMi.Ye4oKoEa3Ro9llC/.og/at2.uheWG/igi', 'MPLLe3xY8Q', '2019-08-03 05:18:14', '2019-08-03 05:18:14'),
(115, 'Miss Providenci Labadie V', 'tschultz@example.net', '2019-08-03 05:18:14', '$2y$10$92IXUNpkjO0rOQ5byMi.Ye4oKoEa3Ro9llC/.og/at2.uheWG/igi', '6DMVVEQJjV', '2019-08-03 05:18:14', '2019-08-03 05:18:14'),
(116, 'Jeremie Wolff PhD', 'leannon.rosetta@example.org', '2019-08-03 05:18:14', '$2y$10$92IXUNpkjO0rOQ5byMi.Ye4oKoEa3Ro9llC/.og/at2.uheWG/igi', '4FW6d8M45x', '2019-08-03 05:18:14', '2019-08-03 05:18:14'),
(117, 'Brando Stehr', 'glover.arjun@example.net', '2019-08-03 05:18:14', '$2y$10$92IXUNpkjO0rOQ5byMi.Ye4oKoEa3Ro9llC/.og/at2.uheWG/igi', 'MLOma3uLjR', '2019-08-03 05:18:14', '2019-08-03 05:18:14'),
(118, 'Gennaro Doyle', 'ramon11@example.net', '2019-08-03 05:18:14', '$2y$10$92IXUNpkjO0rOQ5byMi.Ye4oKoEa3Ro9llC/.og/at2.uheWG/igi', 'JWxBSrLQ6e', '2019-08-03 05:18:14', '2019-08-03 05:18:14'),
(119, 'Prof. Edwardo Brown', 'fkrajcik@example.net', '2019-08-03 05:18:14', '$2y$10$92IXUNpkjO0rOQ5byMi.Ye4oKoEa3Ro9llC/.og/at2.uheWG/igi', 'GIVmuvqL8s', '2019-08-03 05:18:14', '2019-08-03 05:18:14'),
(120, 'Esther Funk', 'judy29@example.com', '2019-08-03 05:18:14', '$2y$10$92IXUNpkjO0rOQ5byMi.Ye4oKoEa3Ro9llC/.og/at2.uheWG/igi', 'tQkSiLo6Zy', '2019-08-03 05:18:14', '2019-08-03 05:18:14'),
(121, 'Mr. Mohamed Bosco III', 'fermin.zieme@example.com', '2019-08-03 05:18:14', '$2y$10$92IXUNpkjO0rOQ5byMi.Ye4oKoEa3Ro9llC/.og/at2.uheWG/igi', 'aNgqYLahUI', '2019-08-03 05:18:14', '2019-08-03 05:18:14'),
(122, 'Dr. Adolphus Paucek III', 'napoleon.nolan@example.com', '2019-08-03 05:18:14', '$2y$10$92IXUNpkjO0rOQ5byMi.Ye4oKoEa3Ro9llC/.og/at2.uheWG/igi', 'pM4IF6LiO3', '2019-08-03 05:18:14', '2019-08-03 05:18:14'),
(123, 'Dr. Sim McDermott DVM', 'powlowski.elian@example.org', '2019-08-03 05:18:14', '$2y$10$92IXUNpkjO0rOQ5byMi.Ye4oKoEa3Ro9llC/.og/at2.uheWG/igi', '81BeNXWXt2', '2019-08-03 05:18:14', '2019-08-03 05:18:14'),
(124, 'Dr. Tyshawn Padberg MD', 'treutel.ismael@example.net', '2019-08-03 05:18:14', '$2y$10$92IXUNpkjO0rOQ5byMi.Ye4oKoEa3Ro9llC/.og/at2.uheWG/igi', 'uSQQTCf53w', '2019-08-03 05:18:14', '2019-08-03 05:18:14'),
(125, 'Martina Schmitt', 'larkin.hazle@example.com', '2019-08-03 05:18:14', '$2y$10$92IXUNpkjO0rOQ5byMi.Ye4oKoEa3Ro9llC/.og/at2.uheWG/igi', 'O7G9H0OR41', '2019-08-03 05:18:14', '2019-08-03 05:18:14'),
(126, 'Idella Hackett', 'ullrich.will@example.com', '2019-08-03 05:18:14', '$2y$10$92IXUNpkjO0rOQ5byMi.Ye4oKoEa3Ro9llC/.og/at2.uheWG/igi', 'HJw7Tlj1zL', '2019-08-03 05:18:14', '2019-08-03 05:18:14'),
(127, 'Izaiah Krajcik', 'benjamin.smitham@example.org', '2019-08-03 05:18:14', '$2y$10$92IXUNpkjO0rOQ5byMi.Ye4oKoEa3Ro9llC/.og/at2.uheWG/igi', 'qlu7h2BE2l', '2019-08-03 05:18:14', '2019-08-03 05:18:14'),
(128, 'Mrs. Kitty Schulist Jr.', 'maybelle29@example.com', '2019-08-03 05:18:14', '$2y$10$92IXUNpkjO0rOQ5byMi.Ye4oKoEa3Ro9llC/.og/at2.uheWG/igi', 'BpuVuvtoop', '2019-08-03 05:18:14', '2019-08-03 05:18:14'),
(129, 'Rocky Denesik', 'declan64@example.com', '2019-08-03 05:18:14', '$2y$10$92IXUNpkjO0rOQ5byMi.Ye4oKoEa3Ro9llC/.og/at2.uheWG/igi', 'kfoB6ebOt1', '2019-08-03 05:18:14', '2019-08-03 05:18:14'),
(130, 'Dr. Ansley Wisozk', 'marlee.bode@example.com', '2019-08-03 05:18:14', '$2y$10$92IXUNpkjO0rOQ5byMi.Ye4oKoEa3Ro9llC/.og/at2.uheWG/igi', 'OacDooNmjr', '2019-08-03 05:18:14', '2019-08-03 05:18:14'),
(131, 'Allan Orn I', 'ryder58@example.net', '2019-08-03 05:18:14', '$2y$10$92IXUNpkjO0rOQ5byMi.Ye4oKoEa3Ro9llC/.og/at2.uheWG/igi', 'y4rQY3QSQn', '2019-08-03 05:18:14', '2019-08-03 05:18:14'),
(132, 'Walter Hahn', 'berneice.kirlin@example.com', '2019-08-03 05:18:14', '$2y$10$92IXUNpkjO0rOQ5byMi.Ye4oKoEa3Ro9llC/.og/at2.uheWG/igi', 'CadIvOveHW', '2019-08-03 05:18:14', '2019-08-03 05:18:14'),
(133, 'Hettie Abshire', 'guy.heller@example.net', '2019-08-03 05:18:14', '$2y$10$92IXUNpkjO0rOQ5byMi.Ye4oKoEa3Ro9llC/.og/at2.uheWG/igi', 'w71EwLGdtZ', '2019-08-03 05:18:14', '2019-08-03 05:18:14'),
(134, 'Garth Bernhard III', 'edmund72@example.org', '2019-08-03 05:18:14', '$2y$10$92IXUNpkjO0rOQ5byMi.Ye4oKoEa3Ro9llC/.og/at2.uheWG/igi', 'SKopET8aYu', '2019-08-03 05:18:14', '2019-08-03 05:18:14'),
(135, 'Francisco McCullough PhD', 'kbartell@example.org', '2019-08-03 05:18:14', '$2y$10$92IXUNpkjO0rOQ5byMi.Ye4oKoEa3Ro9llC/.og/at2.uheWG/igi', '9Nsg8IkBpy', '2019-08-03 05:18:14', '2019-08-03 05:18:14'),
(136, 'Prof. Agustina Cartwright IV', 'harber.dayne@example.org', '2019-08-03 05:18:14', '$2y$10$92IXUNpkjO0rOQ5byMi.Ye4oKoEa3Ro9llC/.og/at2.uheWG/igi', 'hUGaykSn7S', '2019-08-03 05:18:14', '2019-08-03 05:18:14'),
(137, 'Alyce Schowalter', 'liliana20@example.com', '2019-08-03 05:18:14', '$2y$10$92IXUNpkjO0rOQ5byMi.Ye4oKoEa3Ro9llC/.og/at2.uheWG/igi', 'e6OcEYl6vt', '2019-08-03 05:18:14', '2019-08-03 05:18:14'),
(138, 'Ms. Rebecca Champlin PhD', 'athena.gislason@example.com', '2019-08-03 05:18:14', '$2y$10$92IXUNpkjO0rOQ5byMi.Ye4oKoEa3Ro9llC/.og/at2.uheWG/igi', 'GZXEHV1Lj5', '2019-08-03 05:18:14', '2019-08-03 05:18:14'),
(139, 'Delphia Lind DVM', 'abbey.okuneva@example.com', '2019-08-03 05:18:14', '$2y$10$92IXUNpkjO0rOQ5byMi.Ye4oKoEa3Ro9llC/.og/at2.uheWG/igi', 'dK1flH4pni', '2019-08-03 05:18:14', '2019-08-03 05:18:14'),
(140, 'Dr. Eulah Kertzmann', 'terry.camren@example.org', '2019-08-03 05:18:14', '$2y$10$92IXUNpkjO0rOQ5byMi.Ye4oKoEa3Ro9llC/.og/at2.uheWG/igi', 'bbwBcMaZCQ', '2019-08-03 05:18:14', '2019-08-03 05:18:14'),
(141, 'Garett Nicolas', 'rose17@example.net', '2019-08-03 05:18:14', '$2y$10$92IXUNpkjO0rOQ5byMi.Ye4oKoEa3Ro9llC/.og/at2.uheWG/igi', '1bWZSUdXiZ', '2019-08-03 05:18:14', '2019-08-03 05:18:14'),
(142, 'Prof. Demarcus Parker Sr.', 'runolfsson.general@example.net', '2019-08-03 05:18:14', '$2y$10$92IXUNpkjO0rOQ5byMi.Ye4oKoEa3Ro9llC/.og/at2.uheWG/igi', 'HPUaNRoqF5', '2019-08-03 05:18:14', '2019-08-03 05:18:14'),
(143, 'Rickey Hickle', 'eliane81@example.com', '2019-08-03 05:18:14', '$2y$10$92IXUNpkjO0rOQ5byMi.Ye4oKoEa3Ro9llC/.og/at2.uheWG/igi', 'nawoFHQydD', '2019-08-03 05:18:14', '2019-08-03 05:18:14'),
(144, 'Mattie Russel', 'wilhelm89@example.com', '2019-08-03 05:18:14', '$2y$10$92IXUNpkjO0rOQ5byMi.Ye4oKoEa3Ro9llC/.og/at2.uheWG/igi', 'NJTSaAn7ya', '2019-08-03 05:18:14', '2019-08-03 05:18:14'),
(145, 'Mr. Abdullah Nienow', 'cordie.strosin@example.com', '2019-08-03 05:18:14', '$2y$10$92IXUNpkjO0rOQ5byMi.Ye4oKoEa3Ro9llC/.og/at2.uheWG/igi', 'R66FzILjge', '2019-08-03 05:18:14', '2019-08-03 05:18:14'),
(146, 'Marjolaine Cummerata', 'mhoppe@example.net', '2019-08-03 05:18:14', '$2y$10$92IXUNpkjO0rOQ5byMi.Ye4oKoEa3Ro9llC/.og/at2.uheWG/igi', 'CplCBkQ3Rs', '2019-08-03 05:18:14', '2019-08-03 05:18:14'),
(147, 'Marilou Simonis', 'heloise57@example.net', '2019-08-03 05:18:14', '$2y$10$92IXUNpkjO0rOQ5byMi.Ye4oKoEa3Ro9llC/.og/at2.uheWG/igi', '4vUwcMCsiG', '2019-08-03 05:18:14', '2019-08-03 05:18:14'),
(148, 'Kariane Fisher', 'lindgren.etha@example.com', '2019-08-03 05:18:14', '$2y$10$92IXUNpkjO0rOQ5byMi.Ye4oKoEa3Ro9llC/.og/at2.uheWG/igi', 'WSyqAvefun', '2019-08-03 05:18:14', '2019-08-03 05:18:14'),
(149, 'Mr. Devyn Armstrong', 'rcorkery@example.net', '2019-08-03 05:18:14', '$2y$10$92IXUNpkjO0rOQ5byMi.Ye4oKoEa3Ro9llC/.og/at2.uheWG/igi', 'kbNB2uqU23', '2019-08-03 05:18:14', '2019-08-03 05:18:14'),
(150, 'Vern Cummings', 'lveum@example.org', '2019-08-03 05:18:14', '$2y$10$92IXUNpkjO0rOQ5byMi.Ye4oKoEa3Ro9llC/.og/at2.uheWG/igi', 'd6AIpMZwID', '2019-08-03 05:18:14', '2019-08-03 05:18:14'),
(151, 'Prof. Sadye Wunsch', 'jeanne37@example.org', '2019-08-03 05:18:14', '$2y$10$92IXUNpkjO0rOQ5byMi.Ye4oKoEa3Ro9llC/.og/at2.uheWG/igi', 'jf0QFV68Mc', '2019-08-03 05:18:14', '2019-08-03 05:18:14'),
(152, 'Emery Mosciski', 'oreilly.chelsea@example.com', '2019-08-03 05:18:14', '$2y$10$92IXUNpkjO0rOQ5byMi.Ye4oKoEa3Ro9llC/.og/at2.uheWG/igi', 'yPgLThZaI8', '2019-08-03 05:18:14', '2019-08-03 05:18:14'),
(153, 'Addison Bartoletti', 'dare.carley@example.com', '2019-08-03 05:18:14', '$2y$10$92IXUNpkjO0rOQ5byMi.Ye4oKoEa3Ro9llC/.og/at2.uheWG/igi', 'fTMVwrllpb', '2019-08-03 05:18:14', '2019-08-03 05:18:14'),
(154, 'Lilyan Durgan', 'fkshlerin@example.net', '2019-08-03 05:18:14', '$2y$10$92IXUNpkjO0rOQ5byMi.Ye4oKoEa3Ro9llC/.og/at2.uheWG/igi', 'r9hCDf4PoQ', '2019-08-03 05:18:14', '2019-08-03 05:18:14'),
(155, 'Roxanne Upton', 'dusty.ohara@example.com', '2019-08-03 05:18:14', '$2y$10$92IXUNpkjO0rOQ5byMi.Ye4oKoEa3Ro9llC/.og/at2.uheWG/igi', 'Uli2uwhrSJ', '2019-08-03 05:18:14', '2019-08-03 05:18:14'),
(156, 'Crystel Paucek', 'qhudson@example.com', '2019-08-03 05:18:15', '$2y$10$92IXUNpkjO0rOQ5byMi.Ye4oKoEa3Ro9llC/.og/at2.uheWG/igi', '8WkqOnY96r', '2019-08-03 05:18:15', '2019-08-03 05:18:15'),
(157, 'Dr. Dallas Harber', 'carroll.kade@example.net', '2019-08-03 05:18:15', '$2y$10$92IXUNpkjO0rOQ5byMi.Ye4oKoEa3Ro9llC/.og/at2.uheWG/igi', 'a870za81Hh', '2019-08-03 05:18:15', '2019-08-03 05:18:15'),
(158, 'Dr. Evelyn Lubowitz', 'ozella62@example.com', '2019-08-03 05:18:15', '$2y$10$92IXUNpkjO0rOQ5byMi.Ye4oKoEa3Ro9llC/.og/at2.uheWG/igi', 'rSOhheGW5f', '2019-08-03 05:18:15', '2019-08-03 05:18:15'),
(159, 'Ms. Lizeth Veum', 'delilah80@example.net', '2019-08-03 05:18:15', '$2y$10$92IXUNpkjO0rOQ5byMi.Ye4oKoEa3Ro9llC/.og/at2.uheWG/igi', 'TaOKsQcZXj', '2019-08-03 05:18:15', '2019-08-03 05:18:15'),
(160, 'Gust Batz', 'fiona.zboncak@example.org', '2019-08-03 05:18:15', '$2y$10$92IXUNpkjO0rOQ5byMi.Ye4oKoEa3Ro9llC/.og/at2.uheWG/igi', '6MMfJyGxVj', '2019-08-03 05:18:15', '2019-08-03 05:18:15'),
(161, 'Anya Lebsack', 'neha60@example.org', '2019-08-03 05:18:15', '$2y$10$92IXUNpkjO0rOQ5byMi.Ye4oKoEa3Ro9llC/.og/at2.uheWG/igi', 'zKpSuXFVdu', '2019-08-03 05:18:15', '2019-08-03 05:18:15'),
(162, 'Retta Anderson III', 'maggio.waldo@example.com', '2019-08-03 05:18:15', '$2y$10$92IXUNpkjO0rOQ5byMi.Ye4oKoEa3Ro9llC/.og/at2.uheWG/igi', '3Eot2pW0wu', '2019-08-03 05:18:15', '2019-08-03 05:18:15'),
(163, 'Reynold Hoeger', 'albert98@example.com', '2019-08-03 05:18:15', '$2y$10$92IXUNpkjO0rOQ5byMi.Ye4oKoEa3Ro9llC/.og/at2.uheWG/igi', 'XYesn8cTBV', '2019-08-03 05:18:15', '2019-08-03 05:18:15'),
(164, 'Colby Paucek', 'okeefe.althea@example.org', '2019-08-03 05:18:15', '$2y$10$92IXUNpkjO0rOQ5byMi.Ye4oKoEa3Ro9llC/.og/at2.uheWG/igi', 'FYpFhnx4Fx', '2019-08-03 05:18:15', '2019-08-03 05:18:15'),
(165, 'Flossie Doyle', 'cordie95@example.net', '2019-08-03 05:18:15', '$2y$10$92IXUNpkjO0rOQ5byMi.Ye4oKoEa3Ro9llC/.og/at2.uheWG/igi', 'JfDjtoE1wv', '2019-08-03 05:18:15', '2019-08-03 05:18:15'),
(166, 'Rachael Casper', 'cruickshank.herman@example.com', '2019-08-03 05:18:15', '$2y$10$92IXUNpkjO0rOQ5byMi.Ye4oKoEa3Ro9llC/.og/at2.uheWG/igi', 'a73mmNrBnN', '2019-08-03 05:18:15', '2019-08-03 05:18:15'),
(167, 'Gerardo Little', 'murphy81@example.org', '2019-08-03 05:18:15', '$2y$10$92IXUNpkjO0rOQ5byMi.Ye4oKoEa3Ro9llC/.og/at2.uheWG/igi', 'CFSCVXH2fH', '2019-08-03 05:18:15', '2019-08-03 05:18:15'),
(168, 'Alexa Schiller V', 'ledner.kale@example.org', '2019-08-03 05:18:15', '$2y$10$92IXUNpkjO0rOQ5byMi.Ye4oKoEa3Ro9llC/.og/at2.uheWG/igi', 'TDB6kg62M9', '2019-08-03 05:18:15', '2019-08-03 05:18:15'),
(169, 'Prof. Nayeli Harvey Sr.', 'aschamberger@example.com', '2019-08-03 05:18:15', '$2y$10$92IXUNpkjO0rOQ5byMi.Ye4oKoEa3Ro9llC/.og/at2.uheWG/igi', 'rGIyzrVxkk', '2019-08-03 05:18:15', '2019-08-03 05:18:15'),
(170, 'Dr. Jamarcus Green', 'claudine.harber@example.org', '2019-08-03 05:18:15', '$2y$10$92IXUNpkjO0rOQ5byMi.Ye4oKoEa3Ro9llC/.og/at2.uheWG/igi', 'gnNGubqKSE', '2019-08-03 05:18:15', '2019-08-03 05:18:15'),
(171, 'Elmira Carter PhD', 'balistreri.darius@example.net', '2019-08-03 05:18:15', '$2y$10$92IXUNpkjO0rOQ5byMi.Ye4oKoEa3Ro9llC/.og/at2.uheWG/igi', 'y2yF3TPWd2', '2019-08-03 05:18:15', '2019-08-03 05:18:15'),
(172, 'Raina Hodkiewicz', 'taya.koch@example.org', '2019-08-03 05:18:15', '$2y$10$92IXUNpkjO0rOQ5byMi.Ye4oKoEa3Ro9llC/.og/at2.uheWG/igi', 'NdG6RSbrUA', '2019-08-03 05:18:15', '2019-08-03 05:18:15'),
(173, 'Allene Bradtke V', 'qkoss@example.net', '2019-08-03 05:18:15', '$2y$10$92IXUNpkjO0rOQ5byMi.Ye4oKoEa3Ro9llC/.og/at2.uheWG/igi', 'qRtkYj3Oax', '2019-08-03 05:18:15', '2019-08-03 05:18:15'),
(174, 'Dr. Filomena Marvin', 'elmira.kling@example.net', '2019-08-03 05:18:15', '$2y$10$92IXUNpkjO0rOQ5byMi.Ye4oKoEa3Ro9llC/.og/at2.uheWG/igi', 'ZPB15zm4Fd', '2019-08-03 05:18:15', '2019-08-03 05:18:15'),
(175, 'Miss Crystel Kilback I', 'addison.schimmel@example.org', '2019-08-03 05:18:15', '$2y$10$92IXUNpkjO0rOQ5byMi.Ye4oKoEa3Ro9llC/.og/at2.uheWG/igi', 'ge8HJFl1fn', '2019-08-03 05:18:15', '2019-08-03 05:18:15'),
(176, 'Lou Rau DVM', 'sabina.reinger@example.net', '2019-08-03 05:18:15', '$2y$10$92IXUNpkjO0rOQ5byMi.Ye4oKoEa3Ro9llC/.og/at2.uheWG/igi', '4JrFLdBFOG', '2019-08-03 05:18:15', '2019-08-03 05:18:15'),
(177, 'Jenifer Simonis', 'abernathy.madeline@example.com', '2019-08-03 05:18:15', '$2y$10$92IXUNpkjO0rOQ5byMi.Ye4oKoEa3Ro9llC/.og/at2.uheWG/igi', 'kFGx3MG6wD', '2019-08-03 05:18:15', '2019-08-03 05:18:15'),
(178, 'Noel Pfeffer', 'funk.selmer@example.com', '2019-08-03 05:18:15', '$2y$10$92IXUNpkjO0rOQ5byMi.Ye4oKoEa3Ro9llC/.og/at2.uheWG/igi', 'sRMnkAnZRA', '2019-08-03 05:18:15', '2019-08-03 05:18:15'),
(179, 'Destini Braun I', 'austyn.ernser@example.org', '2019-08-03 05:18:15', '$2y$10$92IXUNpkjO0rOQ5byMi.Ye4oKoEa3Ro9llC/.og/at2.uheWG/igi', 'k1aJxfNLhb', '2019-08-03 05:18:15', '2019-08-03 05:18:15'),
(180, 'Linda Schmeler', 'adele.quigley@example.net', '2019-08-03 05:18:15', '$2y$10$92IXUNpkjO0rOQ5byMi.Ye4oKoEa3Ro9llC/.og/at2.uheWG/igi', 'wjZZJ3S0sa', '2019-08-03 05:18:15', '2019-08-03 05:18:15'),
(181, 'Dr. Luz Kirlin', 'michel47@example.net', '2019-08-03 05:18:15', '$2y$10$92IXUNpkjO0rOQ5byMi.Ye4oKoEa3Ro9llC/.og/at2.uheWG/igi', 'h9ZAzBYDXv', '2019-08-03 05:18:15', '2019-08-03 05:18:15'),
(182, 'Mrs. Arvilla D\'Amore IV', 'ezemlak@example.org', '2019-08-03 05:18:15', '$2y$10$92IXUNpkjO0rOQ5byMi.Ye4oKoEa3Ro9llC/.og/at2.uheWG/igi', 'EtQZNWRXX0', '2019-08-03 05:18:15', '2019-08-03 05:18:15'),
(183, 'Arnulfo Effertz DVM', 'kasey76@example.org', '2019-08-03 05:18:15', '$2y$10$92IXUNpkjO0rOQ5byMi.Ye4oKoEa3Ro9llC/.og/at2.uheWG/igi', 'ijr1oo6ncB', '2019-08-03 05:18:15', '2019-08-03 05:18:15'),
(184, 'Wiley Douglas', 'konopelski.marilyne@example.org', '2019-08-03 05:18:15', '$2y$10$92IXUNpkjO0rOQ5byMi.Ye4oKoEa3Ro9llC/.og/at2.uheWG/igi', '6OFY6onAZD', '2019-08-03 05:18:15', '2019-08-03 05:18:15'),
(185, 'Prof. Damon Stoltenberg I', 'jschmidt@example.net', '2019-08-03 05:18:15', '$2y$10$92IXUNpkjO0rOQ5byMi.Ye4oKoEa3Ro9llC/.og/at2.uheWG/igi', 'MS3gUgPKlf', '2019-08-03 05:18:15', '2019-08-03 05:18:15'),
(186, 'Jarod Olson', 'ofelia03@example.org', '2019-08-03 05:18:15', '$2y$10$92IXUNpkjO0rOQ5byMi.Ye4oKoEa3Ro9llC/.og/at2.uheWG/igi', 'VnpwDgY1M7', '2019-08-03 05:18:15', '2019-08-03 05:18:15'),
(187, 'Hattie Casper', 'mitchell.juliana@example.net', '2019-08-03 05:18:15', '$2y$10$92IXUNpkjO0rOQ5byMi.Ye4oKoEa3Ro9llC/.og/at2.uheWG/igi', 'fYZsm8HQDF', '2019-08-03 05:18:15', '2019-08-03 05:18:15'),
(188, 'Graham Kutch', 'ella.mcdermott@example.org', '2019-08-03 05:18:15', '$2y$10$92IXUNpkjO0rOQ5byMi.Ye4oKoEa3Ro9llC/.og/at2.uheWG/igi', 'QXXR6kWwh2', '2019-08-03 05:18:15', '2019-08-03 05:18:15'),
(189, 'Mr. Conor Gottlieb DDS', 'mayer.gregoria@example.com', '2019-08-03 05:18:15', '$2y$10$92IXUNpkjO0rOQ5byMi.Ye4oKoEa3Ro9llC/.og/at2.uheWG/igi', 'boRJPVUkTS', '2019-08-03 05:18:15', '2019-08-03 05:18:15'),
(190, 'Wilford Gottlieb', 'kyra.jenkins@example.com', '2019-08-03 05:18:15', '$2y$10$92IXUNpkjO0rOQ5byMi.Ye4oKoEa3Ro9llC/.og/at2.uheWG/igi', 'KySWIhDbau', '2019-08-03 05:18:15', '2019-08-03 05:18:15'),
(191, 'Oceane Wolff', 'kmetz@example.com', '2019-08-03 05:18:15', '$2y$10$92IXUNpkjO0rOQ5byMi.Ye4oKoEa3Ro9llC/.og/at2.uheWG/igi', 'GTezhru27W', '2019-08-03 05:18:15', '2019-08-03 05:18:15'),
(192, 'Enrico Padberg', 'trenton44@example.com', '2019-08-03 05:18:15', '$2y$10$92IXUNpkjO0rOQ5byMi.Ye4oKoEa3Ro9llC/.og/at2.uheWG/igi', 'ra2uuscPV6', '2019-08-03 05:18:15', '2019-08-03 05:18:15'),
(193, 'Prof. Kayley Marvin', 'kassulke.janessa@example.com', '2019-08-03 05:18:15', '$2y$10$92IXUNpkjO0rOQ5byMi.Ye4oKoEa3Ro9llC/.og/at2.uheWG/igi', 'f1kA6XV7fW', '2019-08-03 05:18:15', '2019-08-03 05:18:15'),
(194, 'Lonie Jacobi', 'brendan.moen@example.net', '2019-08-03 05:18:15', '$2y$10$92IXUNpkjO0rOQ5byMi.Ye4oKoEa3Ro9llC/.og/at2.uheWG/igi', 'yfKk6D8rav', '2019-08-03 05:18:15', '2019-08-03 05:18:15'),
(195, 'Donny Hoppe', 'bwintheiser@example.org', '2019-08-03 05:18:15', '$2y$10$92IXUNpkjO0rOQ5byMi.Ye4oKoEa3Ro9llC/.og/at2.uheWG/igi', 'b9uJ9b1IqJ', '2019-08-03 05:18:15', '2019-08-03 05:18:15'),
(196, 'Dr. Ernesto Considine II', 'orn.damion@example.net', '2019-08-03 05:18:15', '$2y$10$92IXUNpkjO0rOQ5byMi.Ye4oKoEa3Ro9llC/.og/at2.uheWG/igi', 'tL8Lyca2Ya', '2019-08-03 05:18:15', '2019-08-03 05:18:15'),
(197, 'Dr. Destiny Gottlieb V', 'rippin.sonny@example.com', '2019-08-03 05:18:15', '$2y$10$92IXUNpkjO0rOQ5byMi.Ye4oKoEa3Ro9llC/.og/at2.uheWG/igi', 'BGFdnQ9Wxs', '2019-08-03 05:18:15', '2019-08-03 05:18:15'),
(198, 'Maurine Ullrich', 'mcdermott.hayley@example.com', '2019-08-03 05:18:15', '$2y$10$92IXUNpkjO0rOQ5byMi.Ye4oKoEa3Ro9llC/.og/at2.uheWG/igi', 'fBwWkC4Bbw', '2019-08-03 05:18:15', '2019-08-03 05:18:15'),
(199, 'Emilie Mann', 'jermey29@example.net', '2019-08-03 05:18:15', '$2y$10$92IXUNpkjO0rOQ5byMi.Ye4oKoEa3Ro9llC/.og/at2.uheWG/igi', 'hlq3xuAfks', '2019-08-03 05:18:15', '2019-08-03 05:18:15'),
(200, 'Nona Glover', 'lavina.miller@example.org', '2019-08-03 05:18:15', '$2y$10$92IXUNpkjO0rOQ5byMi.Ye4oKoEa3Ro9llC/.og/at2.uheWG/igi', 'QxMk1w8nl9', '2019-08-03 05:18:15', '2019-08-03 05:18:15'),
(201, 'Vanessa Jenkins', 'tamia.greenholt@example.com', '2019-08-03 05:18:15', '$2y$10$92IXUNpkjO0rOQ5byMi.Ye4oKoEa3Ro9llC/.og/at2.uheWG/igi', 'YYY25SVIXC', '2019-08-03 05:18:15', '2019-08-03 05:18:15'),
(202, 'Jordon Pacocha', 'camren73@example.net', '2019-08-03 05:18:15', '$2y$10$92IXUNpkjO0rOQ5byMi.Ye4oKoEa3Ro9llC/.og/at2.uheWG/igi', 'j0dEAGIiBE', '2019-08-03 05:18:15', '2019-08-03 05:18:15'),
(203, 'Devyn Moen', 'dario53@example.com', '2019-08-03 05:18:15', '$2y$10$92IXUNpkjO0rOQ5byMi.Ye4oKoEa3Ro9llC/.og/at2.uheWG/igi', 'AJ2i6UVFwV', '2019-08-03 05:18:15', '2019-08-03 05:18:15'),
(204, 'Nayeli Corwin', 'qadams@example.com', '2019-08-03 05:18:15', '$2y$10$92IXUNpkjO0rOQ5byMi.Ye4oKoEa3Ro9llC/.og/at2.uheWG/igi', 'ifOlQCs2e3', '2019-08-03 05:18:15', '2019-08-03 05:18:15'),
(205, 'Dorris Bode', 'dangelo40@example.net', '2019-08-03 05:18:15', '$2y$10$92IXUNpkjO0rOQ5byMi.Ye4oKoEa3Ro9llC/.og/at2.uheWG/igi', '8C48gzwcRH', '2019-08-03 05:18:15', '2019-08-03 05:18:15'),
(206, 'Jewel Streich', 'guy.stanton@example.com', '2019-08-03 05:18:15', '$2y$10$92IXUNpkjO0rOQ5byMi.Ye4oKoEa3Ro9llC/.og/at2.uheWG/igi', 'wZLNyzH4xX', '2019-08-03 05:18:15', '2019-08-03 05:18:15'),
(207, 'Emma Windler Sr.', 'leila23@example.com', '2019-08-03 05:18:15', '$2y$10$92IXUNpkjO0rOQ5byMi.Ye4oKoEa3Ro9llC/.og/at2.uheWG/igi', 'XtxaC01iRq', '2019-08-03 05:18:15', '2019-08-03 05:18:15'),
(208, 'Dr. Jamison Hauck IV', 'fgreenfelder@example.com', '2019-08-03 05:18:15', '$2y$10$92IXUNpkjO0rOQ5byMi.Ye4oKoEa3Ro9llC/.og/at2.uheWG/igi', 'k85FEOrOhY', '2019-08-03 05:18:15', '2019-08-03 05:18:15'),
(209, 'Karina Moore DDS', 'caleigh33@example.org', '2019-08-03 05:18:15', '$2y$10$92IXUNpkjO0rOQ5byMi.Ye4oKoEa3Ro9llC/.og/at2.uheWG/igi', 'mQQJMh9DUE', '2019-08-03 05:18:15', '2019-08-03 05:18:15'),
(210, 'General Thiel', 'omccullough@example.com', '2019-08-03 05:18:15', '$2y$10$92IXUNpkjO0rOQ5byMi.Ye4oKoEa3Ro9llC/.og/at2.uheWG/igi', '6CekWBLTQn', '2019-08-03 05:18:15', '2019-08-03 05:18:15'),
(211, 'Emile Keebler', 'nikko98@example.net', '2019-08-03 05:18:15', '$2y$10$92IXUNpkjO0rOQ5byMi.Ye4oKoEa3Ro9llC/.og/at2.uheWG/igi', 'Q4BANWMzqO', '2019-08-03 05:18:15', '2019-08-03 05:18:15'),
(212, 'Meggie Larson II', 'uchristiansen@example.org', '2019-08-03 05:18:15', '$2y$10$92IXUNpkjO0rOQ5byMi.Ye4oKoEa3Ro9llC/.og/at2.uheWG/igi', 'wGk5DrHL59', '2019-08-03 05:18:15', '2019-08-03 05:18:15'),
(213, 'Cathryn Braun', 'alfred38@example.net', '2019-08-03 05:18:15', '$2y$10$92IXUNpkjO0rOQ5byMi.Ye4oKoEa3Ro9llC/.og/at2.uheWG/igi', 'renRVPQxOn', '2019-08-03 05:18:15', '2019-08-03 05:18:15'),
(214, 'Deron Macejkovic', 'hoppe.kathryne@example.net', '2019-08-03 05:18:15', '$2y$10$92IXUNpkjO0rOQ5byMi.Ye4oKoEa3Ro9llC/.og/at2.uheWG/igi', 'L6G3pOhCGY', '2019-08-03 05:18:15', '2019-08-03 05:18:15'),
(215, 'Colton Hane II', 'jacobs.myrtie@example.com', '2019-08-03 05:18:15', '$2y$10$92IXUNpkjO0rOQ5byMi.Ye4oKoEa3Ro9llC/.og/at2.uheWG/igi', 'QZJfCeesUf', '2019-08-03 05:18:15', '2019-08-03 05:18:15'),
(216, 'Mohammed Huels I', 'estefania22@example.org', '2019-08-03 05:18:15', '$2y$10$92IXUNpkjO0rOQ5byMi.Ye4oKoEa3Ro9llC/.og/at2.uheWG/igi', 'S98BheICPk', '2019-08-03 05:18:15', '2019-08-03 05:18:15'),
(217, 'Leopold Schaden DDS', 'jordy91@example.com', '2019-08-03 05:18:15', '$2y$10$92IXUNpkjO0rOQ5byMi.Ye4oKoEa3Ro9llC/.og/at2.uheWG/igi', 'OdEWJC44Io', '2019-08-03 05:18:15', '2019-08-03 05:18:15'),
(218, 'Forrest Rau IV', 'sfriesen@example.net', '2019-08-03 05:18:15', '$2y$10$92IXUNpkjO0rOQ5byMi.Ye4oKoEa3Ro9llC/.og/at2.uheWG/igi', 'IfapvyUIfC', '2019-08-03 05:18:15', '2019-08-03 05:18:15'),
(219, 'Kadin Blanda', 'rhianna41@example.com', '2019-08-03 05:18:15', '$2y$10$92IXUNpkjO0rOQ5byMi.Ye4oKoEa3Ro9llC/.og/at2.uheWG/igi', 'r0AK5nINyf', '2019-08-03 05:18:15', '2019-08-03 05:18:15'),
(220, 'Mr. Gage Beier', 'ygislason@example.org', '2019-08-03 05:18:15', '$2y$10$92IXUNpkjO0rOQ5byMi.Ye4oKoEa3Ro9llC/.og/at2.uheWG/igi', 'aDCfn9k1no', '2019-08-03 05:18:15', '2019-08-03 05:18:15'),
(221, 'Emanuel Littel', 'kswift@example.net', '2019-08-03 05:18:15', '$2y$10$92IXUNpkjO0rOQ5byMi.Ye4oKoEa3Ro9llC/.og/at2.uheWG/igi', 'XRAAy1twqS', '2019-08-03 05:18:15', '2019-08-03 05:18:15'),
(222, 'Monserrate Quitzon', 'macey.watsica@example.org', '2019-08-03 05:18:15', '$2y$10$92IXUNpkjO0rOQ5byMi.Ye4oKoEa3Ro9llC/.og/at2.uheWG/igi', 'WyOekDdv4e', '2019-08-03 05:18:15', '2019-08-03 05:18:15'),
(223, 'Ms. Rosamond Braun', 'ilang@example.com', '2019-08-03 05:18:15', '$2y$10$92IXUNpkjO0rOQ5byMi.Ye4oKoEa3Ro9llC/.og/at2.uheWG/igi', 'FwvQiqq11u', '2019-08-03 05:18:15', '2019-08-03 05:18:15'),
(224, 'Miss Zula Conroy PhD', 'maryse55@example.com', '2019-08-03 05:18:15', '$2y$10$92IXUNpkjO0rOQ5byMi.Ye4oKoEa3Ro9llC/.og/at2.uheWG/igi', 'q9MJmXzZiW', '2019-08-03 05:18:15', '2019-08-03 05:18:15'),
(225, 'Rosa Gorczany Jr.', 'florian.murray@example.org', '2019-08-03 05:18:15', '$2y$10$92IXUNpkjO0rOQ5byMi.Ye4oKoEa3Ro9llC/.og/at2.uheWG/igi', 'Av60sPZyFk', '2019-08-03 05:18:15', '2019-08-03 05:18:15'),
(226, 'Miss Odessa Schulist', 'kunde.dandre@example.net', '2019-08-03 05:18:16', '$2y$10$92IXUNpkjO0rOQ5byMi.Ye4oKoEa3Ro9llC/.og/at2.uheWG/igi', 'X6Pad3ZaLF', '2019-08-03 05:18:16', '2019-08-03 05:18:16'),
(227, 'Veda Christiansen', 'xgorczany@example.net', '2019-08-03 05:18:16', '$2y$10$92IXUNpkjO0rOQ5byMi.Ye4oKoEa3Ro9llC/.og/at2.uheWG/igi', 'IipYznUaYP', '2019-08-03 05:18:16', '2019-08-03 05:18:16'),
(228, 'Ethan Kemmer DDS', 'kovacek.kavon@example.net', '2019-08-03 05:18:16', '$2y$10$92IXUNpkjO0rOQ5byMi.Ye4oKoEa3Ro9llC/.og/at2.uheWG/igi', 'oBHnZmtylm', '2019-08-03 05:18:16', '2019-08-03 05:18:16'),
(229, 'Layla Wolff', 'donnelly.keaton@example.org', '2019-08-03 05:18:16', '$2y$10$92IXUNpkjO0rOQ5byMi.Ye4oKoEa3Ro9llC/.og/at2.uheWG/igi', 'PPAYHHZxqD', '2019-08-03 05:18:16', '2019-08-03 05:18:16'),
(230, 'Alexander Bruen', 'reynolds.jazmyn@example.org', '2019-08-03 05:18:16', '$2y$10$92IXUNpkjO0rOQ5byMi.Ye4oKoEa3Ro9llC/.og/at2.uheWG/igi', 'EXx9l2Vr0d', '2019-08-03 05:18:16', '2019-08-03 05:18:16'),
(231, 'Damaris Homenick', 'cruickshank.maeve@example.net', '2019-08-03 05:18:16', '$2y$10$92IXUNpkjO0rOQ5byMi.Ye4oKoEa3Ro9llC/.og/at2.uheWG/igi', '1ZQ1Twe1EH', '2019-08-03 05:18:16', '2019-08-03 05:18:16'),
(232, 'Prof. Jakob Hilpert DDS', 'eleonore27@example.org', '2019-08-03 05:18:16', '$2y$10$92IXUNpkjO0rOQ5byMi.Ye4oKoEa3Ro9llC/.og/at2.uheWG/igi', 'hreQIJrn7r', '2019-08-03 05:18:16', '2019-08-03 05:18:16'),
(233, 'Prof. Milo Grant', 'jessica67@example.com', '2019-08-03 05:18:16', '$2y$10$92IXUNpkjO0rOQ5byMi.Ye4oKoEa3Ro9llC/.og/at2.uheWG/igi', 'AgHHgfbGWD', '2019-08-03 05:18:16', '2019-08-03 05:18:16'),
(234, 'Mr. Obie Kuphal', 'wstokes@example.com', '2019-08-03 05:18:16', '$2y$10$92IXUNpkjO0rOQ5byMi.Ye4oKoEa3Ro9llC/.og/at2.uheWG/igi', 'BLVOd2KZSp', '2019-08-03 05:18:16', '2019-08-03 05:18:16'),
(235, 'Jamil Funk', 'angelo.sawayn@example.org', '2019-08-03 05:18:16', '$2y$10$92IXUNpkjO0rOQ5byMi.Ye4oKoEa3Ro9llC/.og/at2.uheWG/igi', 'V74tct3471', '2019-08-03 05:18:16', '2019-08-03 05:18:16'),
(236, 'Barney Luettgen', 'streich.bethany@example.org', '2019-08-03 05:18:16', '$2y$10$92IXUNpkjO0rOQ5byMi.Ye4oKoEa3Ro9llC/.og/at2.uheWG/igi', 'fSSbyffIp1', '2019-08-03 05:18:16', '2019-08-03 05:18:16'),
(237, 'Wendy Schoen', 'aturcotte@example.net', '2019-08-03 05:18:16', '$2y$10$92IXUNpkjO0rOQ5byMi.Ye4oKoEa3Ro9llC/.og/at2.uheWG/igi', 'bXAxhHY0yG', '2019-08-03 05:18:16', '2019-08-03 05:18:16'),
(238, 'Abraham Nader', 'ptowne@example.net', '2019-08-03 05:18:16', '$2y$10$92IXUNpkjO0rOQ5byMi.Ye4oKoEa3Ro9llC/.og/at2.uheWG/igi', 'dR0jj4tOwz', '2019-08-03 05:18:16', '2019-08-03 05:18:16'),
(239, 'Maya Torp PhD', 'oreilly.wava@example.org', '2019-08-03 05:18:16', '$2y$10$92IXUNpkjO0rOQ5byMi.Ye4oKoEa3Ro9llC/.og/at2.uheWG/igi', 'IuWy5Zl8Th', '2019-08-03 05:18:16', '2019-08-03 05:18:16'),
(240, 'Prof. America Haag', 'queenie43@example.org', '2019-08-03 05:18:16', '$2y$10$92IXUNpkjO0rOQ5byMi.Ye4oKoEa3Ro9llC/.og/at2.uheWG/igi', 'tuUY7p6Ted', '2019-08-03 05:18:16', '2019-08-03 05:18:16'),
(241, 'Boyd Hintz Sr.', 'funk.guy@example.org', '2019-08-03 05:18:16', '$2y$10$92IXUNpkjO0rOQ5byMi.Ye4oKoEa3Ro9llC/.og/at2.uheWG/igi', 'K9KMx2OhWx', '2019-08-03 05:18:16', '2019-08-03 05:18:16'),
(242, 'Lorena Eichmann', 'tara15@example.org', '2019-08-03 05:18:16', '$2y$10$92IXUNpkjO0rOQ5byMi.Ye4oKoEa3Ro9llC/.og/at2.uheWG/igi', 'T7ukMcLiLq', '2019-08-03 05:18:16', '2019-08-03 05:18:16'),
(243, 'Miss Breanna Dietrich', 'lucinda.kiehn@example.org', '2019-08-03 05:18:16', '$2y$10$92IXUNpkjO0rOQ5byMi.Ye4oKoEa3Ro9llC/.og/at2.uheWG/igi', 'bqGT91br0f', '2019-08-03 05:18:16', '2019-08-03 05:18:16'),
(244, 'Kim Waters V', 'enola10@example.com', '2019-08-03 05:18:16', '$2y$10$92IXUNpkjO0rOQ5byMi.Ye4oKoEa3Ro9llC/.og/at2.uheWG/igi', 'xtJytnfXJh', '2019-08-03 05:18:16', '2019-08-03 05:18:16'),
(245, 'Saige Rau', 'robel.theodore@example.com', '2019-08-03 05:18:16', '$2y$10$92IXUNpkjO0rOQ5byMi.Ye4oKoEa3Ro9llC/.og/at2.uheWG/igi', 'WwGphYCGy2', '2019-08-03 05:18:16', '2019-08-03 05:18:16'),
(246, 'Godfrey Schuster DVM', 'schaden.raven@example.net', '2019-08-03 05:18:16', '$2y$10$92IXUNpkjO0rOQ5byMi.Ye4oKoEa3Ro9llC/.og/at2.uheWG/igi', 'cCY3aWZnzK', '2019-08-03 05:18:16', '2019-08-03 05:18:16'),
(247, 'Diana Runolfsson', 'rico67@example.net', '2019-08-03 05:18:16', '$2y$10$92IXUNpkjO0rOQ5byMi.Ye4oKoEa3Ro9llC/.og/at2.uheWG/igi', 'hOcSf86LWo', '2019-08-03 05:18:16', '2019-08-03 05:18:16'),
(248, 'Blake Rowe MD', 'trinity69@example.net', '2019-08-03 05:18:16', '$2y$10$92IXUNpkjO0rOQ5byMi.Ye4oKoEa3Ro9llC/.og/at2.uheWG/igi', 'jThAdch7hM', '2019-08-03 05:18:16', '2019-08-03 05:18:16'),
(249, 'Herminia Mann', 'rosalinda.block@example.net', '2019-08-03 05:18:16', '$2y$10$92IXUNpkjO0rOQ5byMi.Ye4oKoEa3Ro9llC/.og/at2.uheWG/igi', 'es3OpfSu2M', '2019-08-03 05:18:16', '2019-08-03 05:18:16'),
(250, 'Brandt Rempel', 'klocko.lonnie@example.org', '2019-08-03 05:18:16', '$2y$10$92IXUNpkjO0rOQ5byMi.Ye4oKoEa3Ro9llC/.og/at2.uheWG/igi', 'iAl1E0FJ5P', '2019-08-03 05:18:16', '2019-08-03 05:18:16'),
(251, 'kyaw sithu', 'kst@abc-mib.com', NULL, '$2y$10$Hkwkfn093U3.6iDCZi97KOIwhsV4E4ZW1wuKMVUyN6ffM.qigG4pK', NULL, '2019-08-07 01:44:25', '2019-08-07 01:44:25'),
(252, 'aye mon', 'ayemon@abc-mib.com', NULL, '$2y$10$NP3ai6ndx4RJ.Bnqm1Nx7OZmaNlSd4vcwwtVYAL2AgB/7KwRo5Qjq', NULL, '2019-08-13 01:26:49', '2019-08-13 01:26:49');

--
-- Indexes for dumped tables
--

--
-- Indexes for table `comments`
--
ALTER TABLE `comments`
  ADD PRIMARY KEY (`id`);

--
-- Indexes for table `migrations`
--
ALTER TABLE `migrations`
  ADD PRIMARY KEY (`id`);

--
-- Indexes for table `password_resets`
--
ALTER TABLE `password_resets`
  ADD KEY `password_resets_email_index` (`email`);

--
-- Indexes for table `posts`
--
ALTER TABLE `posts`
  ADD PRIMARY KEY (`id`);

--
-- Indexes for table `users`
--
ALTER TABLE `users`
  ADD PRIMARY KEY (`id`),
  ADD UNIQUE KEY `users_email_unique` (`email`);

--
-- AUTO_INCREMENT for dumped tables
--

--
-- AUTO_INCREMENT for table `comments`
--
ALTER TABLE `comments`
  MODIFY `id` int(10) UNSIGNED NOT NULL AUTO_INCREMENT, AUTO_INCREMENT=101;

--
-- AUTO_INCREMENT for table `migrations`
--
ALTER TABLE `migrations`
  MODIFY `id` int(10) UNSIGNED NOT NULL AUTO_INCREMENT, AUTO_INCREMENT=5;

--
-- AUTO_INCREMENT for table `posts`
--
ALTER TABLE `posts`
  MODIFY `id` int(10) UNSIGNED NOT NULL AUTO_INCREMENT, AUTO_INCREMENT=205;

--
-- AUTO_INCREMENT for table `users`
--
ALTER TABLE `users`
  MODIFY `id` bigint(20) UNSIGNED NOT NULL AUTO_INCREMENT, AUTO_INCREMENT=253;
COMMIT;

/*!40101 SET CHARACTER_SET_CLIENT=@OLD_CHARACTER_SET_CLIENT */;
/*!40101 SET CHARACTER_SET_RESULTS=@OLD_CHARACTER_SET_RESULTS */;
/*!40101 SET COLLATION_CONNECTION=@OLD_COLLATION_CONNECTION */;
